ID,County,Income_Avg,Rent_Median,Population
36005000200,Bronx,75015,1282,5095
36005000400,Bronx,82734,1491,5572
36005001600,Bronx,48959,920,5412
36005001900,Bronx,43615,1126,2569
36005002000,Bronx,37102,601,8959
36005002300,Bronx,22840,398,4860
36005002500,Bronx,27588,585,5143
36005002701,Bronx,25649,630,3172
36005002702,Bronx,27016,977,4683
36005002800,Bronx,60200,951,5746
36005003100,Bronx,51424,1014,1538
36005003300,Bronx,26619,479,3852
36005003500,Bronx,29571,773,3753
36005003700,Bronx,20484,872,199
36005003800,Bronx,65599,1056,1303
36005003900,Bronx,43800,930,6580
36005004001,Bronx,67630,970,1550
36005004100,Bronx,32402,601,6483
36005004200,Bronx,32506,737,7599
36005004300,Bronx,34288,766,5841
36005004400,Bronx,34327,448,4830
36005004600,Bronx,49636,744,1659
36005004800,Bronx,34844,1011,4024
36005005001,Bronx,43009,1236,5040
36005005002,Bronx,40508,1098,5791
36005005100,Bronx,29000,494,5814
36005005200,Bronx,41521,555,2128
36005005300,Bronx,23193,785,3305
36005005400,Bronx,49125,1164,6334
36005005600,Bronx,37601,1002,2391
36005005902,Bronx,48306,1135,2856
36005006000,Bronx,53265,1081,1192
36005006100,Bronx,53014,952,4007
36005006200,Bronx,34114,545,7682
36005006300,Bronx,42773,1120,4480
36005006400,Bronx,44298,1222,3565
36005006500,Bronx,28832,962,5847
36005006700,Bronx,30919,712,7782
36005006800,Bronx,44064,1163,2976
36005006900,Bronx,35001,712,7769
36005007000,Bronx,44886,1351,4646
36005007100,Bronx,49882,993,2358
36005007200,Bronx,55634,1170,5981
36005007300,Bronx,30302,892,3735
36005007400,Bronx,55143,1156,3724
36005007500,Bronx,32429,697,4932
36005007600,Bronx,57104,1285,5853
36005007700,Bronx,41020,1160,1904
36005007800,Bronx,45122,1232,6868
36005007900,Bronx,31569,697,6099
36005008300,Bronx,30884,792,5974
36005008400,Bronx,74134,1454,2447
36005008500,Bronx,39263,970,6324
36005008600,Bronx,32139,430,3916
36005008700,Bronx,40211,967,6406
36005008900,Bronx,27722,764,3540
36005009000,Bronx,54100,480,3824
36005009200,Bronx,54099,1263,5397
36005009300,Bronx,36278,1060,6265
36005009600,Bronx,49543,1449,2557
36005009800,Bronx,66147,1363,4922
36005011000,Bronx,54576,1051,205
36005011502,Bronx,29644,896,4446
36005011700,Bronx,38531,986,1512
36005011800,Bronx,92884,1308,5328
36005011900,Bronx,38564,958,5570
36005012101,Bronx,37373,1006,3014
36005012102,Bronx,23972,572,1485
36005012300,Bronx,30575,631,4144
36005012500,Bronx,41696,1140,4139
36005012701,Bronx,28850,625,2117
36005012901,Bronx,26792,938,3828
36005013000,Bronx,89412,1327,1334
36005013100,Bronx,40464,899,4906
36005013200,Bronx,95785,1373,7150
36005013300,Bronx,39436,617,7067
36005013500,Bronx,35049,545,3957
36005013800,Bronx,89148,1370,3301
36005014100,Bronx,54680,1025,4620
36005014300,Bronx,21120,423,942
36005014400,Bronx,38574,537,6062
36005014500,Bronx,27048,793,6757
36005014701,Bronx,28013,397,7209
36005014702,Bronx,20739,433,5089
36005014900,Bronx,32309,916,4531
36005015100,Bronx,43510,1046,5662
36005015200,Bronx,70616,1331,2960
36005015300,Bronx,35712,1041,4471
36005015500,Bronx,32029,861,3058
36005015700,Bronx,39278,958,3761
36005015800,Bronx,76361,1414,1233
36005015900,Bronx,31639,441,1845
36005016000,Bronx,96470,1589,4429
36005016100,Bronx,26144,528,4130
36005016200,Bronx,75599,1167,1989
36005016400,Bronx,81857,1379,907
36005016500,Bronx,37930,1087,1296
36005016600,Bronx,96672,1372,2292
36005016700,Bronx,33871,997,2433
36005016900,Bronx,40857,903,1498
36005017300,Bronx,31896,713,6697
36005017500,Bronx,38358,727,7021
36005017701,Bronx,33418,1132,4459
36005017702,Bronx,34640,1107,5456
36005017901,Bronx,33099,1114,4711
36005017902,Bronx,31293,1146,3618
36005018101,Bronx,36165,1113,2946
36005018102,Bronx,43923,1048,5862
36005018301,Bronx,44328,1115,4241
36005018302,Bronx,45239,1084,3934
36005018400,Bronx,83943,1392,3928
36005018500,Bronx,31430,910,6904
36005018900,Bronx,31712,1055,8389
36005019300,Bronx,39359,682,5301
36005019400,Bronx,71325,1467,2282
36005019500,Bronx,39534,1092,7593
36005019700,Bronx,28205,1058,7084
36005019900,Bronx,34195,1065,7635
36005020000,Bronx,53088,1144,4672
36005020100,Bronx,40575,1089,4292
36005020200,Bronx,55227,1151,2240
36005020400,Bronx,61109,1202,3210
36005020501,Bronx,33840,739,6568
36005020502,Bronx,38495,862,2077
36005020601,Bronx,67038,1135,2758
36005020900,Bronx,39463,1033,4519
36005021001,Bronx,55134,1143,9094
36005021002,Bronx,57140,1131,6081
36005021100,Bronx,32147,1013,5721
36005021200,Bronx,56321,1179,5169
36005021301,Bronx,36659,769,1101
36005021302,Bronx,37314,999,6250
36005021501,Bronx,37870,1031,4317
36005021502,Bronx,29546,990,6110
36005021601,Bronx,37545,1176,3970
36005021602,Bronx,49786,1178,6059
36005021700,Bronx,31579,1022,5093
36005021800,Bronx,49035,1133,7049
36005021900,Bronx,37471,1083,1205
36005022000,Bronx,36056,1211,2070
36005022101,Bronx,39592,1049,3956
36005022102,Bronx,26297,1099,5006
36005022200,Bronx,47910,1241,2965
36005022300,Bronx,39082,1031,5214
36005022401,Bronx,48120,1222,2598
36005022403,Bronx,44180,1200,3309
36005022404,Bronx,52074,1159,3951
36005022500,Bronx,39264,1130,8071
36005022701,Bronx,35201,1092,5981
36005022702,Bronx,40771,932,1525
36005022703,Bronx,50951,1167,1871
36005022800,Bronx,53507,1278,6156
36005022901,Bronx,36736,1033,5184
36005022902,Bronx,30076,1042,3262
36005023000,Bronx,52978,1234,3340
36005023100,Bronx,34339,1156,1594
36005023200,Bronx,67200,1248,2772
36005023301,Bronx,34396,1078,4378
36005023302,Bronx,33804,1157,3247
36005023501,Bronx,44920,1127,3514
36005023502,Bronx,33515,1017,4652
36005023600,Bronx,46205,1289,2206
36005023702,Bronx,35701,1085,1345
36005023703,Bronx,39405,1146,4919
36005023704,Bronx,30336,1128,3702
36005023800,Bronx,56263,1475,2628
36005023900,Bronx,36251,1076,8347
36005024000,Bronx,45682,1322,4244
36005024100,Bronx,31566,1052,6421
36005024300,Bronx,27842,972,5685
36005024400,Bronx,73932,1324,2588
36005024501,Bronx,36408,993,5085
36005024502,Bronx,31196,877,3669
36005024600,Bronx,88214,1176,2198
36005024700,Bronx,49750,1181,1856
36005024800,Bronx,86173,1378,3544
36005025000,Bronx,69695,1332,2817
36005025100,Bronx,40216,998,6246
36005025200,Bronx,70329,1253,2549
36005025300,Bronx,38081,1104,5970
36005025400,Bronx,59740,1206,1959
36005025500,Bronx,30524,1088,5764
36005025600,Bronx,57272,1271,1727
36005025700,Bronx,32596,1050,1661
36005026100,Bronx,78581,1069,1710
36005026300,Bronx,36619,1173,6412
36005026400,Bronx,91055,1543,5911
36005026500,Bronx,46939,1050,6914
36005026601,Bronx,58724,1226,2911
36005026602,Bronx,60462,1121,5488
36005026701,Bronx,44602,1166,3439
36005026702,Bronx,46083,1141,6206
36005026900,Bronx,43941,999,3318
36005027300,Bronx,45997,1157,8429
36005027401,Bronx,88541,1539,4723
36005027402,Bronx,83817,1517,3754
36005027700,Bronx,42598,1021,5591
36005027900,Bronx,64630,1266,6985
36005028100,Bronx,64985,1042,3940
36005028300,Bronx,40622,680,3390
36005028500,Bronx,55167,1265,3079
36005028600,Bronx,59199,1375,1225
36005028700,Bronx,76814,1328,3489
36005028800,Bronx,91303,1390,3496
36005028900,Bronx,61706,1223,4027
36005029301,Bronx,157022,1299,2037
36005029302,Bronx,120329,1889,5471
36005029500,Bronx,103565,1653,4603
36005029600,Bronx,61880,1210,1842
36005029700,Bronx,110059,1549,3971
36005030000,Bronx,68437,1228,5751
36005030100,Bronx,115913,504,1367
36005030200,Bronx,63945,973,9914
36005030701,Bronx,123490,1742,5283
36005030900,Bronx,131412,1743,3945
36005031000,Bronx,110683,1897,4863
36005031200,Bronx,85296,1538,2124
36005031400,Bronx,113858,1109,2336
36005031600,Bronx,80632,1637,1996
36005031800,Bronx,74868,1763,2374
36005032300,Bronx,91789,1187,4489
36005032400,Bronx,42035,584,2798
36005032600,Bronx,74295,1406,3573
36005032800,Bronx,47546,969,4354
36005033000,Bronx,44414,1064,5744
36005033201,Bronx,53017,1139,3861
36005033202,Bronx,44369,1112,3908
36005033400,Bronx,51142,1217,1329
36005033500,Bronx,129839,1288,2323
36005033600,Bronx,50769,898,6587
36005033700,Bronx,105901,1736,2353
36005033800,Bronx,46704,1176,3876
36005034000,Bronx,45557,1127,4459
36005034200,Bronx,59326,1178,1947
36005034300,Bronx,77558,1219,1697
36005034400,Bronx,80748,1563,2288
36005034500,Bronx,85876,1329,3325
36005034800,Bronx,55512,611,7357
36005035000,Bronx,60901,1568,1691
36005035100,Bronx,92745,1416,3202
36005035600,Bronx,71076,1623,2423
36005035800,Bronx,75581,1387,8113
36005035900,Bronx,33174,987,1902
36005036000,Bronx,83931,1304,3299
36005036100,Bronx,25750,515,6453
36005036300,Bronx,33609,1001,7855
36005036400,Bronx,61146,1291,2373
36005036501,Bronx,28499,941,3713
36005036502,Bronx,32150,985,1832
36005036700,Bronx,33823,1053,2556
36005036800,Bronx,57508,1426,2364
36005036901,Bronx,26821,1000,2284
36005036902,Bronx,35563,862,2309
36005037000,Bronx,58769,1478,2487
36005037100,Bronx,34556,877,3767
36005037200,Bronx,58611,1201,2280
36005037300,Bronx,38250,1058,5096
36005037400,Bronx,32989,773,3525
36005037504,Bronx,33187,830,4041
36005037600,Bronx,60884,1374,2477
36005037800,Bronx,47240,1157,3062
36005037900,Bronx,42868,1076,5225
36005038000,Bronx,49296,1086,4362
36005038100,Bronx,36089,1130,6145
36005038200,Bronx,62925,1435,2686
36005038301,Bronx,34629,1097,4372
36005038302,Bronx,35819,978,5350
36005038500,Bronx,29323,1101,5030
36005038600,Bronx,60268,1304,7448
36005038700,Bronx,34904,1148,3023
36005038800,Bronx,63949,1142,2612
36005038900,Bronx,33300,1191,5528
36005039000,Bronx,52431,1474,3265
36005039100,Bronx,34222,1048,7201
36005039200,Bronx,42684,1181,1715
36005039300,Bronx,28398,891,7781
36005039400,Bronx,44932,1122,4702
36005039500,Bronx,38425,983,3893
36005039600,Bronx,40750,1208,3483
36005039700,Bronx,27834,769,3862
36005039800,Bronx,69132,1302,2899
36005039901,Bronx,37213,1111,5268
36005039902,Bronx,33117,1065,4786
36005040100,Bronx,46033,1252,5457
36005040302,Bronx,38528,1144,4182
36005040303,Bronx,42755,1134,4505
36005040304,Bronx,43597,1197,3932
36005040400,Bronx,46700,1233,2872
36005040501,Bronx,41447,1167,3916
36005040502,Bronx,36917,1146,5594
36005040600,Bronx,46613,1149,3377
36005040701,Bronx,37276,1145,3260
36005040702,Bronx,37698,1038,6839
36005040800,Bronx,40177,1174,4191
36005040900,Bronx,68179,997,3500
36005041100,Bronx,43848,1299,2928
36005041300,Bronx,52070,1129,7598
36005041400,Bronx,70889,1196,4834
36005041500,Bronx,43106,1187,5449
36005041800,Bronx,48264,1179,3804
36005041900,Bronx,60951,1137,6965
36005042000,Bronx,37510,1113,3397
36005042100,Bronx,47243,1111,5717
36005042200,Bronx,61659,1247,3287
36005042300,Bronx,51166,1218,4203
36005042400,Bronx,60921,1174,2891
36005042500,Bronx,46778,1194,6637
36005042600,Bronx,76286,1554,7198
36005042800,Bronx,71714,1327,2043
36005042901,Bronx,41194,1164,3777
36005042902,Bronx,40607,1159,4086
36005043000,Bronx,65633,954,3550
36005043100,Bronx,44369,1158,10419
36005043400,Bronx,49925,1171,3709
36005043500,Bronx,34533,708,55
36005043600,Bronx,64732,1139,2264
36005044200,Bronx,53387,1135,4108
36005044400,Bronx,64933,1444,3617
36005044800,Bronx,90971,1605,2184
36005044901,Bronx,87095,1244,1669
36005044902,Bronx,67373,1362,2031
36005045101,Bronx,71313,1391,1408
36005045102,Bronx,74483,1254,1847
36005045600,Bronx,83792,1354,3336
36005045800,Bronx,24303,538,5287
36005046000,Bronx,47941,825,2608
36005046201,Bronx,59316,933,28827
36005046202,Bronx,57814,985,8701
36005048400,Bronx,76276,1396,3779
36005051600,Bronx,88777,1336,4336
36047000100,Brooklyn,110737,1494,4367
36047000200,Brooklyn,47549,1286,1561
36047000301,Brooklyn,205626,1996,3944
36047000501,Brooklyn,169705,1902,4661
36047000502,Brooklyn,135045,1910,2632
36047000700,Brooklyn,213166,2800,3765
36047000900,Brooklyn,181717,2800,4163
36047001100,Brooklyn,117834,2800,701
36047001300,Brooklyn,134017,1963,2627
36047001500,Brooklyn,113731,2800,5240
36047002000,Brooklyn,65655,1366,1321
36047002100,Brooklyn,252834,2800,3798
36047002200,Brooklyn,55902,1129,4774
36047002300,Brooklyn,28709,403,4370
36047002901,Brooklyn,20900,386,3409
36047003000,Brooklyn,85933,1315,1870
36047003100,Brooklyn,85292,1454,2745
36047003300,Brooklyn,119772,2800,3008
36047003400,Brooklyn,95762,1368,3127
36047003500,Brooklyn,91766,1285,1723
36047003600,Brooklyn,89252,1360,4512
36047003700,Brooklyn,118786,2800,882
36047003800,Brooklyn,130109,1525,1673
36047003900,Brooklyn,136851,1649,2498
36047004100,Brooklyn,134195,1981,3587
36047004300,Brooklyn,144862,1702,3107
36047004400,Brooklyn,111923,1344,2382
36047004500,Brooklyn,179028,2800,3438
36047004600,Brooklyn,137575,1273,1396
36047004700,Brooklyn,126615,1443,1699
36047004900,Brooklyn,143063,1720,2410
36047005000,Brooklyn,109541,1506,2468
36047005100,Brooklyn,121926,2800,2181
36047005201,Brooklyn,70096,536,1716
36047005202,Brooklyn,87724,1511,2439
36047005300,Brooklyn,97683,1440,2506
36047005400,Brooklyn,85040,1395,3529
36047005601,Brooklyn,72767,1346,2622
36047005602,Brooklyn,90520,1252,1862
36047005800,Brooklyn,62197,1285,3424
36047005900,Brooklyn,73731,1740,1280
36047006000,Brooklyn,92101,1360,2798
36047006200,Brooklyn,64906,1403,2883
36047006300,Brooklyn,113320,2800,1943
36047006400,Brooklyn,92326,1259,3618
36047006500,Brooklyn,150357,2800,5319
36047006600,Brooklyn,88543,1279,3933
36047006700,Brooklyn,188839,2800,3616
36047006800,Brooklyn,51882,1219,5213
36047006900,Brooklyn,168048,2800,3913
36047007000,Brooklyn,57847,1113,2672
36047007100,Brooklyn,65440,535,4835
36047007200,Brooklyn,39769,1210,2284
36047007400,Brooklyn,56784,1334,5633
36047007500,Brooklyn,155519,2800,4909
36047007600,Brooklyn,48960,1209,4432
36047007700,Brooklyn,142118,1960,4352
36047007800,Brooklyn,60209,1271,5582
36047008000,Brooklyn,67214,1361,4252
36047008200,Brooklyn,56139,1230,4304
36047008400,Brooklyn,63077,1354,3905
36047008500,Brooklyn,23074,409,6654
36047008800,Brooklyn,51588,1386,3126
36047009000,Brooklyn,42297,1303,3330
36047009200,Brooklyn,51651,1251,5249
36047009400,Brooklyn,57512,1183,5972
36047009600,Brooklyn,55792,1252,6461
36047009800,Brooklyn,41728,1134,7614
36047010000,Brooklyn,40859,1079,6413
36047010100,Brooklyn,65395,1224,4120
36047010200,Brooklyn,51683,1234,5257
36047010400,Brooklyn,50050,1101,6104
36047010600,Brooklyn,45376,1146,6008
36047010800,Brooklyn,46965,1087,4661
36047011000,Brooklyn,54656,1377,2482
36047011200,Brooklyn,39604,1080,6503
36047011400,Brooklyn,59732,1068,4481
36047011600,Brooklyn,51240,1035,4523
36047011700,Brooklyn,89258,1709,2749
36047011800,Brooklyn,37602,1272,2131
36047011900,Brooklyn,111784,1503,1915
36047012000,Brooklyn,51620,1218,1311
36047012100,Brooklyn,103574,1790,1824
36047012200,Brooklyn,48538,1204,5175
36047012600,Brooklyn,57317,1255,2779
36047012700,Brooklyn,71799,661,3825
36047012801,Brooklyn,62246,1169,1992
36047012901,Brooklyn,106476,2800,2724
36047012902,Brooklyn,125155,2800,1998
36047013000,Brooklyn,70252,1237,4971
36047013100,Brooklyn,155218,1860,4107
36047013200,Brooklyn,79008,1248,2078
36047013300,Brooklyn,164384,2800,4523
36047013400,Brooklyn,90773,1270,4029
36047013500,Brooklyn,177666,2800,3735
36047013600,Brooklyn,87236,1376,3816
36047013700,Brooklyn,113643,1663,3308
36047013800,Brooklyn,79493,1431,3683
36047013900,Brooklyn,123356,1690,3470
36047014000,Brooklyn,74409,1222,1862
36047014100,Brooklyn,133248,1746,3980
36047014200,Brooklyn,63858,1312,3139
36047014300,Brooklyn,87603,1658,3755
36047014500,Brooklyn,76846,1479,4629
36047014700,Brooklyn,103985,1664,2244
36047014800,Brooklyn,96953,1425,1353
36047014900,Brooklyn,120603,1864,5723
36047015000,Brooklyn,93249,1408,1660
36047015100,Brooklyn,159321,2800,3994
36047015200,Brooklyn,95751,1418,2595
36047015300,Brooklyn,152685,1897,2909
36047015500,Brooklyn,183481,2800,3683
36047015700,Brooklyn,148760,2800,4397
36047015900,Brooklyn,157806,2800,5148
36047016000,Brooklyn,79741,1311,4415
36047016100,Brooklyn,133318,1952,3167
36047016200,Brooklyn,87829,1448,2574
36047016300,Brooklyn,108189,1642,3060
36047016400,Brooklyn,93003,2800,896
36047016500,Brooklyn,223330,2800,5638
36047016600,Brooklyn,103735,1921,2239
36047016700,Brooklyn,136805,1857,4946
36047016800,Brooklyn,102383,1278,1682
36047016900,Brooklyn,88528,1705,4620
36047017000,Brooklyn,83623,1274,3758
36047017100,Brooklyn,128787,2800,3967
36047017200,Brooklyn,118802,1205,4103
36047017400,Brooklyn,93812,1243,2064
36047017600,Brooklyn,65450,1136,2198
36047017800,Brooklyn,62234,1257,3090
36047017900,Brooklyn,84681,1170,4262
36047018000,Brooklyn,67461,1241,3253
36047018100,Brooklyn,114722,1507,3530
36047018200,Brooklyn,60251,1230,3218
36047018300,Brooklyn,119627,2800,2710
36047018400,Brooklyn,101762,1385,2213
36047018501,Brooklyn,34005,447,4496
36047018600,Brooklyn,93542,1361,2162
36047018700,Brooklyn,123357,1858,1584
36047018800,Brooklyn,72793,1401,2950
36047019000,Brooklyn,56575,1161,5310
36047019100,Brooklyn,95273,1955,2861
36047019200,Brooklyn,61091,991,3264
36047019300,Brooklyn,67670,1170,5967
36047019400,Brooklyn,52347,1124,3653
36047019500,Brooklyn,94566,1548,3998
36047019600,Brooklyn,52998,1189,5361
36047019700,Brooklyn,119685,1770,3348
36047019800,Brooklyn,76734,1274,1903
36047019900,Brooklyn,88131,1438,2875
36047020000,Brooklyn,72958,1592,2182
36047020100,Brooklyn,111602,1696,3814
36047020200,Brooklyn,96627,1299,1979
36047020300,Brooklyn,115839,2800,1624
36047020400,Brooklyn,84464,1185,1849
36047020500,Brooklyn,96308,1848,2609
36047020600,Brooklyn,101544,1299,2611
36047020700,Brooklyn,111037,1735,4402
36047020800,Brooklyn,75919,1254,3153
36047021000,Brooklyn,60048,1237,5100
36047021100,Brooklyn,72641,1292,1254
36047021200,Brooklyn,51724,1131,5130
36047021300,Brooklyn,61559,1156,4399
36047021400,Brooklyn,50553,1277,2599
36047021500,Brooklyn,90684,1263,5366
36047021600,Brooklyn,49338,1342,4210
36047021700,Brooklyn,68515,1129,3610
36047021800,Brooklyn,56117,1326,4630
36047021900,Brooklyn,64472,1204,3855
36047022000,Brooklyn,47355,1393,5000
36047022100,Brooklyn,59928,1194,4464
36047022200,Brooklyn,44493,1214,4471
36047022400,Brooklyn,49812,1402,6057
36047022600,Brooklyn,52135,1341,2423
36047022700,Brooklyn,68465,1321,3449
36047022800,Brooklyn,59249,1370,3574
36047022900,Brooklyn,75139,1387,3743
36047023000,Brooklyn,53935,1428,4213
36047023100,Brooklyn,74171,1470,3434
36047023200,Brooklyn,43043,1081,6142
36047023300,Brooklyn,59282,830,4798
36047023400,Brooklyn,46491,1312,5453
36047023500,Brooklyn,70142,1301,4306
36047023600,Brooklyn,44260,1375,5470
36047023800,Brooklyn,61311,1338,4167
36047024000,Brooklyn,45245,1263,4421
36047024100,Brooklyn,66599,1561,2480
36047024200,Brooklyn,69666,1259,2936
36047024300,Brooklyn,68335,1165,4236
36047024400,Brooklyn,55223,1139,3523
36047024500,Brooklyn,58302,1141,3885
36047024600,Brooklyn,64161,1212,3552
36047024700,Brooklyn,58028,1196,1999
36047024800,Brooklyn,59427,1182,2880
36047024900,Brooklyn,63636,1317,3853
36047025000,Brooklyn,78848,1205,1575
36047025100,Brooklyn,50062,724,3256
36047025200,Brooklyn,62481,1179,5307
36047025300,Brooklyn,62320,1226,2346
36047025400,Brooklyn,62277,1102,4076
36047025500,Brooklyn,28716,525,5302
36047025600,Brooklyn,70588,1169,3243
36047025700,Brooklyn,69303,1302,1997
36047025800,Brooklyn,56765,1223,4445
36047025901,Brooklyn,45584,1268,1574
36047025902,Brooklyn,23378,373,3591
36047026000,Brooklyn,59346,1287,3610
36047026100,Brooklyn,49359,1340,5062
36047026200,Brooklyn,78336,1142,2627
36047026300,Brooklyn,52649,1066,2096
36047026400,Brooklyn,60006,1151,4685
36047026500,Brooklyn,55985,1080,3764
36047026600,Brooklyn,71152,1229,3638
36047026700,Brooklyn,66607,1196,3397
36047026800,Brooklyn,52981,1241,3868
36047026900,Brooklyn,69259,1303,2832
36047027000,Brooklyn,54254,1051,2338
36047027100,Brooklyn,50788,1201,2663
36047027200,Brooklyn,71222,1248,3654
36047027300,Brooklyn,54605,668,2582
36047027400,Brooklyn,53856,1141,2786
36047027500,Brooklyn,75628,1264,4331
36047027600,Brooklyn,66304,1234,4616
36047027700,Brooklyn,43978,1063,4584
36047027800,Brooklyn,55680,1177,3140
36047027900,Brooklyn,70361,1016,3934
36047028000,Brooklyn,84274,1133,1672
36047028100,Brooklyn,40016,745,5087
36047028200,Brooklyn,65951,1291,3114
36047028300,Brooklyn,37026,746,3654
36047028400,Brooklyn,62187,1116,3694
36047028501,Brooklyn,98729,2800,423
36047028502,Brooklyn,28737,470,2552
36047028600,Brooklyn,60865,1107,4760
36047028700,Brooklyn,45606,639,3011
36047028800,Brooklyn,58574,1083,3041
36047028900,Brooklyn,44101,955,3344
36047029000,Brooklyn,59153,1256,4215
36047029100,Brooklyn,59265,1187,3252
36047029200,Brooklyn,52484,1122,2308
36047029300,Brooklyn,52148,753,3219
36047029400,Brooklyn,60762,1138,2399
36047029500,Brooklyn,71376,1189,3947
36047029600,Brooklyn,53841,1157,5144
36047029700,Brooklyn,69115,1455,3895
36047029800,Brooklyn,86087,1193,3834
36047029900,Brooklyn,33635,1051,2610
36047030000,Brooklyn,61107,1122,3280
36047030100,Brooklyn,57246,1165,2784
36047030200,Brooklyn,69629,1162,4445
36047030300,Brooklyn,36881,988,5189
36047030400,Brooklyn,54523,1176,3984
36047030500,Brooklyn,67187,1493,5809
36047030600,Brooklyn,66627,1095,2019
36047030700,Brooklyn,33929,551,4288
36047030800,Brooklyn,68391,1181,2146
36047030900,Brooklyn,50285,1018,2201
36047031100,Brooklyn,52368,1105,2829
36047031300,Brooklyn,51458,971,4303
36047031400,Brooklyn,53530,912,4201
36047031500,Brooklyn,59656,1091,4874
36047031701,Brooklyn,55174,1143,3128
36047031702,Brooklyn,78660,1381,4114
36047031900,Brooklyn,53351,1109,3652
36047032100,Brooklyn,51315,1221,5898
36047032300,Brooklyn,58461,1258,3743
36047032500,Brooklyn,57642,1180,6640
36047032600,Brooklyn,39152,842,7140
36047032700,Brooklyn,70609,1139,2585
36047032800,Brooklyn,49898,842,2363
36047032900,Brooklyn,52763,1215,5494
36047033000,Brooklyn,38051,522,4331
36047033100,Brooklyn,48605,1148,4350
36047033300,Brooklyn,54258,1234,4482
36047033500,Brooklyn,70489,1279,3012
36047033600,Brooklyn,72026,1121,4287
36047033700,Brooklyn,59520,1224,3832
36047033900,Brooklyn,55795,944,4365
36047034000,Brooklyn,27291,493,2321
36047034100,Brooklyn,60876,1157,2643
36047034200,Brooklyn,36874,388,5694
36047034300,Brooklyn,44592,643,5026
36047034500,Brooklyn,41520,1144,2579
36047034700,Brooklyn,36206,832,3157
36047034800,Brooklyn,56008,1283,2080
36047034900,Brooklyn,39860,1112,5737
36047035000,Brooklyn,42541,984,2812
36047035100,Brooklyn,35336,1040,4409
36047035200,Brooklyn,17309,285,1013
36047035300,Brooklyn,52776,1136,4686
36047035400,Brooklyn,63933,790,5082
36047035500,Brooklyn,44841,1117,4952
36047035601,Brooklyn,49181,888,2503
36047035602,Brooklyn,51618,1055,4580
36047035700,Brooklyn,29566,1106,2544
36047035900,Brooklyn,38753,1113,5068
36047036001,Brooklyn,52704,1000,2928
36047036002,Brooklyn,32504,1038,3818
36047036100,Brooklyn,46961,934,2407
36047036200,Brooklyn,43517,1011,3178
36047036300,Brooklyn,41179,1184,3977
36047036400,Brooklyn,53444,1197,2126
36047036501,Brooklyn,46165,972,2624
36047036502,Brooklyn,73482,1028,1101
36047036600,Brooklyn,51455,1116,4433
36047036700,Brooklyn,52497,1132,1285
36047036900,Brooklyn,37695,1013,4785
36047037000,Brooklyn,94790,1299,4085
36047037100,Brooklyn,54887,1162,4357
36047037300,Brooklyn,42510,1018,3918
36047037401,Brooklyn,66816,1210,4177
36047037402,Brooklyn,47449,921,4367
36047037500,Brooklyn,51798,1213,3228
36047037700,Brooklyn,66796,1324,4123
36047037900,Brooklyn,53501,1217,3412
36047038100,Brooklyn,36146,615,5047
36047038200,Brooklyn,34314,604,5841
36047038300,Brooklyn,71429,1293,4509
36047038500,Brooklyn,49866,1049,3404
36047038600,Brooklyn,52184,1196,3494
36047038700,Brooklyn,49594,1012,3951
36047038800,Brooklyn,66992,1290,4122
36047038900,Brooklyn,59577,1163,3331
36047039000,Brooklyn,73806,1162,2318
36047039100,Brooklyn,47454,1115,3187
36047039200,Brooklyn,44954,1191,2714
36047039300,Brooklyn,73729,1180,3768
36047039400,Brooklyn,74370,1309,2152
36047039500,Brooklyn,41679,1204,3847
36047039600,Brooklyn,83806,1222,1992
36047039700,Brooklyn,45087,1220,3062
36047039800,Brooklyn,62766,1173,2699
36047039900,Brooklyn,47852,1118,3680
36047040000,Brooklyn,51101,1263,3623
36047040100,Brooklyn,51384,1161,3379
36047040200,Brooklyn,63495,1077,2490
36047040300,Brooklyn,39567,1349,3985
36047040400,Brooklyn,73057,1104,2279
36047040500,Brooklyn,50329,1160,1445
36047040600,Brooklyn,57748,1203,3030
36047040800,Brooklyn,57704,1199,3125
36047040900,Brooklyn,49420,1214,3944
36047041000,Brooklyn,64208,973,1794
36047041100,Brooklyn,46541,1082,3380
36047041200,Brooklyn,93005,1163,2728
36047041300,Brooklyn,47401,1234,3895
36047041401,Brooklyn,61628,1241,1265
36047041402,Brooklyn,83755,1108,1735
36047041500,Brooklyn,56974,1433,4238
36047041600,Brooklyn,73413,1211,2736
36047041700,Brooklyn,37589,863,3389
36047041800,Brooklyn,60543,1074,2024
36047041900,Brooklyn,48128,1044,4048
36047042000,Brooklyn,80082,1344,1979
36047042100,Brooklyn,48103,1203,3839
36047042200,Brooklyn,86620,1395,2993
36047042300,Brooklyn,59672,1357,4851
36047042400,Brooklyn,60311,1142,3113
36047042500,Brooklyn,51097,1244,2665
36047042600,Brooklyn,60073,1113,4417
36047042700,Brooklyn,55144,1314,5773
36047042800,Brooklyn,60284,1190,4036
36047042900,Brooklyn,53220,1201,5835
36047043000,Brooklyn,53817,1153,3080
36047043100,Brooklyn,55695,1243,5695
36047043200,Brooklyn,58057,1178,4730
36047043300,Brooklyn,46823,1089,4370
36047043400,Brooklyn,58028,1179,3472
36047043500,Brooklyn,65893,1360,5161
36047043600,Brooklyn,71747,1135,4360
36047043700,Brooklyn,51942,1371,6063
36047043800,Brooklyn,55014,1287,2531
36047043900,Brooklyn,56921,1219,4259
36047044000,Brooklyn,71063,1338,2637
36047044100,Brooklyn,61246,1294,6547
36047044200,Brooklyn,78964,1374,2675
36047044300,Brooklyn,59554,1380,6198
36047044400,Brooklyn,74219,1289,3237
36047044500,Brooklyn,53248,1281,4825
36047044600,Brooklyn,82939,1191,1933
36047044700,Brooklyn,69097,1477,2620
36047044800,Brooklyn,80830,1310,1936
36047044900,Brooklyn,52876,829,3295
36047045000,Brooklyn,125069,1635,507
36047045200,Brooklyn,89688,1607,2672
36047045300,Brooklyn,68313,1597,2168
36047045400,Brooklyn,66299,1204,1918
36047045600,Brooklyn,68261,1242,2532
36047045800,Brooklyn,141971,1125,1508
36047046000,Brooklyn,69856,1090,3926
36047046201,Brooklyn,51915,1057,2660
36047046202,Brooklyn,90180,1524,2030
36047046400,Brooklyn,62473,1363,2826
36047046800,Brooklyn,51485,1705,2151
36047047000,Brooklyn,59608,1214,2763
36047047200,Brooklyn,76263,1690,2894
36047047400,Brooklyn,97779,1554,3127
36047047600,Brooklyn,62760,1415,3929
36047047700,Brooklyn,94459,2800,3548
36047047800,Brooklyn,51455,1337,4690
36047048000,Brooklyn,54784,1221,3416
36047048100,Brooklyn,73548,1487,2779
36047048200,Brooklyn,44183,1181,5976
36047048400,Brooklyn,52265,1397,5509
36047048500,Brooklyn,96190,2800,3241
36047048600,Brooklyn,51299,1275,3492
36047048800,Brooklyn,64333,1246,3945
36047048900,Brooklyn,26120,437,3921
36047049000,Brooklyn,49206,1261,5968
36047049100,Brooklyn,47213,842,5848
36047049200,Brooklyn,54357,1195,3524
36047049300,Brooklyn,42169,690,7628
36047049400,Brooklyn,66886,1227,5651
36047049500,Brooklyn,84406,1587,2680
36047049600,Brooklyn,76823,1431,4344
36047049700,Brooklyn,92799,1788,2914
36047049800,Brooklyn,65866,1379,4580
36047049900,Brooklyn,91610,1296,1793
36047050000,Brooklyn,85769,1609,3508
36047050100,Brooklyn,99228,1706,2732
36047050202,Brooklyn,113900,1684,2351
36047050300,Brooklyn,81987,1745,2423
36047050400,Brooklyn,94701,1388,4687
36047050500,Brooklyn,37970,850,4179
36047050600,Brooklyn,54908,1298,5630
36047050700,Brooklyn,43922,1613,2452
36047050801,Brooklyn,49754,1180,3804
36047050803,Brooklyn,49023,1141,2122
36047050804,Brooklyn,54922,1157,5911
36047050900,Brooklyn,61172,1140,3821
36047051001,Brooklyn,55911,1155,4054
36047051002,Brooklyn,50870,1149,4716
36047051100,Brooklyn,53259,936,3707
36047051200,Brooklyn,51938,1152,6103
36047051300,Brooklyn,81597,1610,4285
36047051400,Brooklyn,56952,1298,7009
36047051500,Brooklyn,108448,1725,1561
36047051601,Brooklyn,38263,1173,5322
36047051602,Brooklyn,46640,1167,3641
36047051700,Brooklyn,117977,1772,1665
36047051800,Brooklyn,84317,1257,3267
36047051900,Brooklyn,103640,1815,4297
36047052000,Brooklyn,80442,1250,4404
36047052300,Brooklyn,66269,1050,5824
36047052500,Brooklyn,37140,699,3513
36047052600,Brooklyn,73003,1443,4672
36047052700,Brooklyn,46783,985,6520
36047052800,Brooklyn,123155,1379,2101
36047052900,Brooklyn,42383,930,4246
36047053000,Brooklyn,58676,1274,3284
36047053100,Brooklyn,70715,1649,8415
36047053200,Brooklyn,92266,1271,2467
36047053300,Brooklyn,33409,1103,6704
36047053400,Brooklyn,51142,1190,4100
36047053500,Brooklyn,30086,1135,4061
36047053700,Brooklyn,35364,1036,3540
36047053800,Brooklyn,38300,1235,3922
36047053900,Brooklyn,42869,1031,2756
36047054200,Brooklyn,58568,1313,4608
36047054300,Brooklyn,112034,2800,347
36047054400,Brooklyn,86121,1235,2969
36047054500,Brooklyn,30643,394,6966
36047054600,Brooklyn,58571,1167,4407
36047054700,Brooklyn,63176,1240,5031
36047054800,Brooklyn,85359,1198,2261
36047054900,Brooklyn,105624,2800,3174
36047055000,Brooklyn,62512,1187,3607
36047055100,Brooklyn,74407,1202,5507
36047055200,Brooklyn,56113,1140,3253
36047055300,Brooklyn,106118,1830,2790
36047055400,Brooklyn,57927,1283,3684
36047055500,Brooklyn,141953,2800,4706
36047055600,Brooklyn,70738,1226,3885
36047055700,Brooklyn,160603,1726,2122
36047055800,Brooklyn,62307,1154,2256
36047056000,Brooklyn,64963,1263,3464
36047056100,Brooklyn,86108,1569,2891
36047056200,Brooklyn,91655,2800,1668
36047056300,Brooklyn,86492,1322,4143
36047056400,Brooklyn,90911,981,2627
36047056500,Brooklyn,91848,1538,3581
36047056600,Brooklyn,78347,1203,2951
36047056800,Brooklyn,84853,1268,1425
36047056900,Brooklyn,80123,1584,1452
36047057000,Brooklyn,78401,1096,3609
36047057100,Brooklyn,75946,1634,3873
36047057200,Brooklyn,25381,439,4561
36047057300,Brooklyn,77673,1449,2299
36047057400,Brooklyn,94845,989,2942
36047057500,Brooklyn,74799,1752,3673
36047057600,Brooklyn,83946,1291,3090
36047057800,Brooklyn,59202,1144,3141
36047057900,Brooklyn,53679,1366,813
36047058000,Brooklyn,53884,1195,3833
36047058200,Brooklyn,56188,1161,2997
36047058400,Brooklyn,69640,1297,3247
36047058600,Brooklyn,68714,1154,2591
36047058800,Brooklyn,79536,1057,3722
36047058900,Brooklyn,90268,1772,1795
36047059000,Brooklyn,71580,1207,1881
36047059100,Brooklyn,79574,1646,3825
36047059200,Brooklyn,72874,1099,4379
36047059300,Brooklyn,72870,1476,2047
36047059401,Brooklyn,65113,1153,7638
36047059402,Brooklyn,89980,1133,4462
36047059600,Brooklyn,71269,815,2416
36047059800,Brooklyn,74123,1285,3365
36047060000,Brooklyn,69593,1263,5510
36047060600,Brooklyn,49755,1167,2552
36047060800,Brooklyn,72495,1354,3031
36047061002,Brooklyn,108212,1201,4499
36047061003,Brooklyn,60154,1293,1824
36047061004,Brooklyn,43912,948,6255
36047061200,Brooklyn,85236,1387,1021
36047061600,Brooklyn,139999,1482,1757
36047062000,Brooklyn,118274,1637,2102
36047062200,Brooklyn,74628,1638,3054
36047062600,Brooklyn,56181,1028,2620
36047062800,Brooklyn,83768,1186,5456
36047063200,Brooklyn,67985,1119,1454
36047063600,Brooklyn,129990,950,1344
36047063800,Brooklyn,85408,1213,1736
36047064000,Brooklyn,98645,925,1906
36047064200,Brooklyn,92926,1254,2355
36047064400,Brooklyn,104756,1225,2872
36047064600,Brooklyn,93282,1354,2507
36047064800,Brooklyn,69442,1313,1848
36047065000,Brooklyn,80311,1132,1465
36047065200,Brooklyn,103552,1125,1277
36047065400,Brooklyn,102211,247,1793
36047065800,Brooklyn,99660,1149,2226
36047066200,Brooklyn,86904,1069,1692
36047067000,Brooklyn,86541,1430,2901
36047067200,Brooklyn,75835,1480,1789
36047067400,Brooklyn,91318,1565,1967
36047067600,Brooklyn,88864,1754,1933
36047067800,Brooklyn,81318,1567,2563
36047068000,Brooklyn,76551,862,2031
36047068200,Brooklyn,97893,1265,2999
36047068600,Brooklyn,54904,1375,1441
36047068800,Brooklyn,87721,1299,1794
36047069000,Brooklyn,107275,1434,1827
36047069200,Brooklyn,88543,1500,2582
36047069601,Brooklyn,62534,1523,4279
36047069602,Brooklyn,102996,1384,6339
36047069800,Brooklyn,85491,1227,1373
36047070000,Brooklyn,84457,1349,1799
36047070201,Brooklyn,89719,1447,5852
36047070600,Brooklyn,101087,1929,2824
36047072000,Brooklyn,71911,1612,2168
36047072200,Brooklyn,74594,1401,3111
36047072400,Brooklyn,90715,1517,1989
36047072600,Brooklyn,86299,1202,2329
36047072800,Brooklyn,73787,1060,3733
36047073000,Brooklyn,105926,1174,2683
36047073200,Brooklyn,85368,1202,2963
36047073400,Brooklyn,90458,1387,2416
36047073600,Brooklyn,59506,1166,3742
36047073800,Brooklyn,77542,1163,3593
36047074000,Brooklyn,66717,1083,4185
36047074200,Brooklyn,84312,1164,3505
36047074400,Brooklyn,105556,645,2828
36047074600,Brooklyn,86704,1231,2207
36047074800,Brooklyn,72209,1317,1787
36047075000,Brooklyn,61855,1094,2998
36047075200,Brooklyn,166041,1795,1035
36047075400,Brooklyn,98685,2800,1488
36047075600,Brooklyn,86428,1100,2051
36047075800,Brooklyn,112372,1129,1901
36047076000,Brooklyn,89464,1130,2853
36047076200,Brooklyn,68996,1169,5097
36047076400,Brooklyn,72991,1212,3820
36047076600,Brooklyn,65306,1330,2437
36047076800,Brooklyn,74097,1292,3512
36047077000,Brooklyn,71023,1354,2823
36047077200,Brooklyn,78788,1133,3223
36047077400,Brooklyn,57450,1165,3121
36047077600,Brooklyn,64452,1159,3913
36047078000,Brooklyn,90660,1042,2409
36047078200,Brooklyn,57927,1035,4422
36047078400,Brooklyn,103012,1237,2660
36047078600,Brooklyn,52562,1130,4767
36047078800,Brooklyn,51330,1071,3524
36047079000,Brooklyn,57167,1118,5087
36047079200,Brooklyn,44777,1102,3864
36047079400,Brooklyn,43142,1310,1820
36047079601,Brooklyn,55221,1145,4385
36047079602,Brooklyn,44663,1123,4871
36047079801,Brooklyn,85676,1206,2951
36047079802,Brooklyn,53442,1196,5805
36047080000,Brooklyn,70776,1090,3942
36047080200,Brooklyn,61391,1122,5115
36047080400,Brooklyn,46823,1260,3169
36047080600,Brooklyn,57249,1243,3892
36047080800,Brooklyn,12191,240,1210
36047081000,Brooklyn,59584,1215,2196
36047081400,Brooklyn,52662,1145,2688
36047081600,Brooklyn,55606,1167,2773
36047081800,Brooklyn,54208,1126,4560
36047082000,Brooklyn,71619,1155,5023
36047082200,Brooklyn,49355,1129,7326
36047082400,Brooklyn,55331,1229,4004
36047082600,Brooklyn,54874,1124,5271
36047082800,Brooklyn,64969,1148,3751
36047083000,Brooklyn,56458,1133,6484
36047083200,Brooklyn,74095,1196,2238
36047083400,Brooklyn,75507,1145,1466
36047083600,Brooklyn,73744,1176,1990
36047083800,Brooklyn,83505,1141,2545
36047084000,Brooklyn,70512,1124,2363
36047084600,Brooklyn,63763,1197,1555
36047084800,Brooklyn,109861,1465,1810
36047085000,Brooklyn,85314,1427,1642
36047085400,Brooklyn,60317,1146,1804
36047085600,Brooklyn,66145,1177,3521
36047085800,Brooklyn,54710,1202,2378
36047086000,Brooklyn,54604,1176,3398
36047086200,Brooklyn,56745,1038,2926
36047086400,Brooklyn,75359,1191,2376
36047086600,Brooklyn,54615,1263,3084
36047086800,Brooklyn,50287,1203,3102
36047087000,Brooklyn,44329,1220,3124
36047087200,Brooklyn,46738,1215,2538
36047087401,Brooklyn,39947,992,3395
36047087600,Brooklyn,56262,1001,1630
36047087800,Brooklyn,47603,1132,3504
36047088000,Brooklyn,58653,977,3202
36047088200,Brooklyn,53843,1243,6587
36047088400,Brooklyn,50675,1143,5540
36047088600,Brooklyn,48131,1088,4321
36047088800,Brooklyn,52050,1145,3929
36047089000,Brooklyn,39305,1141,6781
36047089200,Brooklyn,32082,1105,3605
36047089400,Brooklyn,51385,1166,3879
36047089600,Brooklyn,38173,1093,3258
36047089800,Brooklyn,43361,1171,1822
36047090000,Brooklyn,36596,917,5671
36047090200,Brooklyn,54974,540,3958
36047090600,Brooklyn,27329,500,4394
36047090800,Brooklyn,24023,446,4936
36047091000,Brooklyn,18456,334,6469
36047091200,Brooklyn,30186,470,6425
36047091600,Brooklyn,35819,963,4324
36047091800,Brooklyn,45002,736,2994
36047092000,Brooklyn,56002,1105,3366
36047092200,Brooklyn,51213,1107,2927
36047092400,Brooklyn,47952,1038,3133
36047092800,Brooklyn,61099,1183,2566
36047093000,Brooklyn,75915,1177,2493
36047093200,Brooklyn,79229,1107,1280
36047093400,Brooklyn,71215,1108,2492
36047093600,Brooklyn,81268,1128,1931
36047093800,Brooklyn,53112,1180,2191
36047094401,Brooklyn,73647,1179,3826
36047094402,Brooklyn,31883,488,2723
36047094600,Brooklyn,81091,1172,1985
36047095000,Brooklyn,82886,1297,3070
36047095400,Brooklyn,72834,1435,4547
36047095600,Brooklyn,75994,1592,4682
36047095800,Brooklyn,87691,1395,3785
36047096200,Brooklyn,80019,1423,1654
36047096400,Brooklyn,67970,1344,2569
36047096600,Brooklyn,84162,1368,2478
36047096800,Brooklyn,88091,1588,1558
36047097000,Brooklyn,84690,1425,1877
36047097400,Brooklyn,69853,1409,3297
36047098200,Brooklyn,31477,523,4040
36047098400,Brooklyn,86882,1385,2243
36047098600,Brooklyn,73609,1317,3419
36047098800,Brooklyn,68465,1240,3086
36047099000,Brooklyn,70458,1465,1582
36047099200,Brooklyn,68808,1573,1960
36047099400,Brooklyn,74453,1578,1910
36047099600,Brooklyn,94134,1412,3755
36047099800,Brooklyn,81435,1589,4207
36047100400,Brooklyn,78638,1388,2799
36047100600,Brooklyn,76679,1515,2673
36047100800,Brooklyn,74163,1362,2036
36047101000,Brooklyn,72551,1483,2237
36047101200,Brooklyn,75749,1255,2176
36047101400,Brooklyn,79796,1186,2387
36047101600,Brooklyn,102328,1156,1471
36047101800,Brooklyn,92698,1291,1642
36047102000,Brooklyn,93656,1641,2164
36047102200,Brooklyn,68212,1263,2150
36047102400,Brooklyn,66162,1300,1985
36047102600,Brooklyn,82178,1438,2852
36047102800,Brooklyn,90972,1324,1523
36047103400,Brooklyn,27079,361,3697
36047105801,Brooklyn,40234,985,6654
36047105804,Brooklyn,35580,629,6200
36047107000,Brooklyn,71681,1197,913
36047107800,Brooklyn,76833,1140,3704
36047109800,Brooklyn,57446,1433,2054
36047110400,Brooklyn,47456,891,4725
36047110600,Brooklyn,33964,535,4513
36047111000,Brooklyn,32920,409,3536
36047111600,Brooklyn,44036,1369,3406
36047111800,Brooklyn,42472,1286,2735
36047112000,Brooklyn,46624,1194,3552
36047112200,Brooklyn,42752,1233,3456
36047112400,Brooklyn,54448,1153,3361
36047112600,Brooklyn,44903,1154,3936
36047112800,Brooklyn,48319,1175,3898
36047113000,Brooklyn,41341,1100,4347
36047113200,Brooklyn,63454,1220,2011
36047113400,Brooklyn,34421,658,3000
36047114201,Brooklyn,55253,1147,1855
36047114202,Brooklyn,40320,1079,2212
36047114400,Brooklyn,31238,1149,2700
36047114600,Brooklyn,42776,1186,3088
36047115000,Brooklyn,49715,1331,2804
36047115200,Brooklyn,42709,1102,3092
36047115600,Brooklyn,31736,548,4397
36047115800,Brooklyn,56469,1377,2849
36047116000,Brooklyn,32429,735,1915
36047116200,Brooklyn,63555,1233,2086
36047116400,Brooklyn,43769,1220,2929
36047116600,Brooklyn,36924,1326,2721
36047116800,Brooklyn,39648,1201,1545
36047117000,Brooklyn,43979,1220,1817
36047117201,Brooklyn,61592,1353,2546
36047117202,Brooklyn,63273,1317,3107
36047117400,Brooklyn,60092,1458,3956
36047117601,Brooklyn,52712,1362,3116
36047117602,Brooklyn,47872,1180,2911
36047117800,Brooklyn,58328,1240,1693
36047118201,Brooklyn,47680,1231,3081
36047118202,Brooklyn,58867,1238,2642
36047118400,Brooklyn,51242,1251,5079
36047118600,Brooklyn,51021,1320,2896
36047118800,Brooklyn,45092,1136,4385
36047119000,Brooklyn,37508,1358,2528
36047119200,Brooklyn,40120,1343,3073
36047119400,Brooklyn,50375,1164,3827
36047119600,Brooklyn,43311,1170,4872
36047119800,Brooklyn,44324,1219,3120
36047120000,Brooklyn,41936,1224,2057
36047120200,Brooklyn,61096,1415,2104
36047120800,Brooklyn,43466,1075,8706
36047121000,Brooklyn,27279,580,4363
36047121400,Brooklyn,23073,422,4306
36047122000,Brooklyn,51281,1139,5407
36047123700,Brooklyn,44755,1338,6370
36047150200,Brooklyn,118865,1753,2900
36047152200,Brooklyn,119390,1472,3563
36061000201,Manhattan,36150,654,2709
36061000202,Manhattan,47231,621,8308
36061000600,Manhattan,34174,589,11354
36061000700,Manhattan,168524,2800,8598
36061000800,Manhattan,40281,906,9333
36061000900,Manhattan,243368,2800,1396
36061001001,Manhattan,112876,1419,1681
36061001002,Manhattan,29885,420,6174
36061001200,Manhattan,76794,669,3552
36061001300,Manhattan,157919,2800,4167
36061001401,Manhattan,121426,1972,3205
36061001402,Manhattan,55414,794,2666
36061001501,Manhattan,134570,1050,6006
36061001502,Manhattan,168598,2800,7315
36061001600,Manhattan,58746,972,7675
36061001800,Manhattan,71089,1251,8232
36061002000,Manhattan,25258,400,4872
36061002100,Manhattan,427216,2800,6506
36061002201,Manhattan,56592,971,6874
36061002202,Manhattan,147957,2800,1944
36061002400,Manhattan,56727,605,5658
36061002500,Manhattan,29114,436,5291
36061002601,Manhattan,85446,912,4052
36061002602,Manhattan,105279,1215,4377
36061002700,Manhattan,74696,1042,1238
36061002800,Manhattan,51944,1032,7409
36061002900,Manhattan,49061,888,5841
36061003001,Manhattan,99962,1913,4215
36061003002,Manhattan,66389,1247,2934
36061003100,Manhattan,234903,2800,2701
36061003200,Manhattan,83886,1657,7802
36061003300,Manhattan,435803,2800,5262
36061003400,Manhattan,99791,1742,6673
36061003601,Manhattan,103182,956,3266
36061003602,Manhattan,112736,1602,2998
36061003700,Manhattan,168233,1804,2618
36061003800,Manhattan,84918,1671,8407
36061003900,Manhattan,249282,1664,5155
36061004000,Manhattan,113884,1859,9543
36061004100,Manhattan,104612,1216,7581
36061004200,Manhattan,188926,2800,5045
36061004300,Manhattan,121733,1784,4308
36061004400,Manhattan,106179,1790,16735
36061004500,Manhattan,278842,1629,1010
36061004700,Manhattan,182313,1593,2397
36061004800,Manhattan,155488,1851,7551
36061004900,Manhattan,153883,2800,4544
36061005000,Manhattan,165201,2800,5238
36061005200,Manhattan,295473,2800,3792
36061005400,Manhattan,230498,2800,4533
36061005501,Manhattan,159682,2800,5060
36061005502,Manhattan,207381,2800,2436
36061005600,Manhattan,225434,2800,2734
36061005700,Manhattan,224855,2800,2928
36061005800,Manhattan,219845,2800,3006
36061005900,Manhattan,241196,1827,5724
36061006000,Manhattan,136492,2800,5026
36061006100,Manhattan,162870,2800,4997
36061006200,Manhattan,108331,2800,4559
36061006300,Manhattan,169487,2800,6107
36061006400,Manhattan,129101,2800,7634
36061006500,Manhattan,122618,2800,6142
36061006600,Manhattan,102443,1184,11490
36061006700,Manhattan,136699,2800,5006
36061006800,Manhattan,151741,2800,6973
36061006900,Manhattan,260858,2800,2684
36061007000,Manhattan,132412,2800,7977
36061007100,Manhattan,202400,2800,5987
36061007200,Manhattan,147158,2800,7500
36061007300,Manhattan,142270,1900,5774
36061007400,Manhattan,235318,2800,3754
36061007500,Manhattan,200389,2800,4554
36061007600,Manhattan,156102,2800,2065
36061007700,Manhattan,181536,2800,5515
36061007800,Manhattan,157804,2800,7640
36061007900,Manhattan,206027,2800,4607
36061008000,Manhattan,161265,2800,4921
36061008100,Manhattan,203875,1746,8799
36061008200,Manhattan,171654,2800,3427
36061008300,Manhattan,126115,944,4014
36061008400,Manhattan,161472,2800,1885
36061008601,Manhattan,167370,2800,2729
36061008603,Manhattan,260634,2800,4353
36061008700,Manhattan,206243,2800,7302
36061008800,Manhattan,135814,1941,6747
36061008900,Manhattan,185321,1685,5614
36061009000,Manhattan,175860,2800,7194
36061009100,Manhattan,181089,1828,6559
36061009200,Manhattan,162517,2800,1700
36061009300,Manhattan,177217,1599,10583
36061009400,Manhattan,68720,763,33
36061009500,Manhattan,211787,2800,3334
36061009600,Manhattan,128789,1470,147
36061009700,Manhattan,94043,863,5148
36061009800,Manhattan,187565,1919,7233
36061009900,Manhattan,202472,2800,4042
36061010000,Manhattan,157629,2800,1826
36061010100,Manhattan,192390,2800,1199
36061010200,Manhattan,115177,2800,225
36061010300,Manhattan,107573,2800,1999
36061010400,Manhattan,160678,1895,1021
36061010601,Manhattan,285254,2800,7187
36061010602,Manhattan,167679,2800,4428
36061010800,Manhattan,187624,2800,8731
36061010900,Manhattan,155109,2800,220
36061011000,Manhattan,187944,1961,7811
36061011100,Manhattan,126465,2800,4374
36061011201,Manhattan,280258,2800,843
36061011202,Manhattan,360983,2800,266
36061011203,Manhattan,231685,2800,1298
36061011300,Manhattan,178276,2800,146
36061011401,Manhattan,346319,1930,1337
36061011402,Manhattan,244062,2800,2385
36061011500,Manhattan,147001,2800,2688
36061011600,Manhattan,111279,1277,3483
36061011700,Manhattan,135577,2800,3535
36061011800,Manhattan,214339,2800,9464
36061011900,Manhattan,25474,313,1071
36061012000,Manhattan,235592,2800,3282
36061012100,Manhattan,81940,1435,8288
36061012200,Manhattan,349899,2800,3286
36061012400,Manhattan,167720,2800,10397
36061012500,Manhattan,194029,2800,2465
36061012600,Manhattan,162526,1746,11038
36061012700,Manhattan,90047,1730,6635
36061012800,Manhattan,335341,2800,5875
36061012900,Manhattan,155017,2800,5285
36061013000,Manhattan,380318,1671,3693
36061013100,Manhattan,134655,2800,2654
36061013200,Manhattan,124069,1872,9869
36061013300,Manhattan,104963,2800,5226
36061013400,Manhattan,151750,1824,11195
36061013500,Manhattan,101960,1323,6053
36061013600,Manhattan,180315,1950,15641
36061013700,Manhattan,208502,2800,6977
36061013800,Manhattan,159896,2800,12771
36061013900,Manhattan,107450,1963,7797
36061014000,Manhattan,286622,2800,7633
36061014200,Manhattan,428067,2800,4288
36061014401,Manhattan,202487,2800,4956
36061014402,Manhattan,179973,1973,7537
36061014500,Manhattan,249178,2800,5460
36061014601,Manhattan,139861,2800,4404
36061014602,Manhattan,141743,2800,7728
36061014700,Manhattan,210488,2800,2804
36061014801,Manhattan,321624,2800,2933
36061014802,Manhattan,213802,1984,7125
36061014900,Manhattan,238642,2800,5897
36061015001,Manhattan,264976,2800,2182
36061015002,Manhattan,337143,2800,5461
36061015100,Manhattan,128486,1643,7480
36061015200,Manhattan,124644,1102,7162
36061015300,Manhattan,207822,2800,9025
36061015400,Manhattan,112665,1770,14969
36061015500,Manhattan,159717,2800,10244
36061015601,Manhattan,118558,2800,5719
36061015602,Manhattan,71852,950,2286
36061015700,Manhattan,175195,1893,10123
36061015801,Manhattan,279726,2800,5585
36061015802,Manhattan,142380,2800,4524
36061015900,Manhattan,194361,2800,8621
36061016001,Manhattan,410058,2800,3695
36061016002,Manhattan,213402,1497,3276
36061016100,Manhattan,179835,2800,6563
36061016200,Manhattan,35529,748,8993
36061016300,Manhattan,238412,1916,7276
36061016400,Manhattan,81593,888,6722
36061016500,Manhattan,233335,1850,7022
36061016600,Manhattan,61065,1149,7693
36061016700,Manhattan,210488,2800,6309
36061016800,Manhattan,70707,615,4974
36061016900,Manhattan,160589,1993,7811
36061017000,Manhattan,48299,1040,7598
36061017100,Manhattan,204090,1904,9441
36061017200,Manhattan,51234,1016,5660
36061017300,Manhattan,175391,1560,8968
36061017401,Manhattan,50775,813,4330
36061017402,Manhattan,58611,1446,2562
36061017500,Manhattan,204708,1929,10933
36061017700,Manhattan,133257,990,9426
36061017800,Manhattan,47578,1118,3931
36061017900,Manhattan,146357,1460,9333
36061018000,Manhattan,42951,690,7717
36061018100,Manhattan,130859,1002,9267
36061018200,Manhattan,43984,576,6553
36061018300,Manhattan,131816,1828,8382
36061018400,Manhattan,50782,639,8274
36061018500,Manhattan,123696,1701,5296
36061018600,Manhattan,53103,464,7245
36061018700,Manhattan,133424,1855,8908
36061018800,Manhattan,41918,1038,5570
36061018900,Manhattan,70453,827,12331
36061019000,Manhattan,88237,700,3010
36061019100,Manhattan,142553,1731,9474
36061019200,Manhattan,32354,438,4103
36061019300,Manhattan,58574,1144,9305
36061019400,Manhattan,28955,605,6694
36061019500,Manhattan,137496,2000,7911
36061019600,Manhattan,39547,581,4245
36061019701,Manhattan,110889,2800,898
36061019702,Manhattan,88401,1190,2202
36061019800,Manhattan,90560,1186,2465
36061019900,Manhattan,117004,1605,9879
36061020000,Manhattan,95936,1111,3018
36061020101,Manhattan,147300,1872,1921
36061020102,Manhattan,84283,1017,4203
36061020300,Manhattan,70247,1516,3368
36061020500,Manhattan,174707,1872,5191
36061020600,Manhattan,54133,894,3025
36061020701,Manhattan,80907,1676,3281
36061020800,Manhattan,83534,996,5443
36061020901,Manhattan,38868,655,3987
36061021000,Manhattan,41752,796,7144
36061021100,Manhattan,79740,1099,9709
36061021200,Manhattan,58260,1311,4211
36061021303,Manhattan,47908,1148,5686
36061021400,Manhattan,45156,1098,2871
36061021500,Manhattan,48534,925,3563
36061021600,Manhattan,68308,1008,8421
36061021800,Manhattan,69968,1071,7381
36061021900,Manhattan,28006,578,6089
36061022000,Manhattan,74362,1005,5577
36061022102,Manhattan,68237,1171,2392
36061022200,Manhattan,79177,1059,3069
36061022301,Manhattan,48400,944,7954
36061022302,Manhattan,35519,956,3426
36061022400,Manhattan,41818,634,7344
36061022500,Manhattan,54657,1041,10641
36061022600,Manhattan,61453,987,4053
36061022700,Manhattan,66346,1182,5532
36061022800,Manhattan,59684,973,5714
36061022900,Manhattan,56357,1152,8340
36061023000,Manhattan,56798,851,9124
36061023100,Manhattan,62876,1269,6428
36061023200,Manhattan,36184,772,8666
36061023300,Manhattan,68652,1178,6734
36061023400,Manhattan,50038,1097,5222
36061023501,Manhattan,49682,930,6383
36061023502,Manhattan,39928,1048,1708
36061023600,Manhattan,45243,829,6980
36061023700,Manhattan,49580,1120,7586
36061023801,Manhattan,108028,1928,9667
36061023802,Manhattan,137750,2800,2383
36061023900,Manhattan,49568,897,2526
36061024100,Manhattan,59771,1095,7541
36061024200,Manhattan,33954,463,3709
36061024301,Manhattan,60366,1138,4246
36061024302,Manhattan,25733,429,6631
36061024500,Manhattan,42044,1023,15899
36061024700,Manhattan,52443,1195,7756
36061024900,Manhattan,36820,910,1200
36061025100,Manhattan,54092,924,2644
36061025300,Manhattan,45771,1135,11367
36061025500,Manhattan,67067,1457,5472
36061025700,Manhattan,114928,1297,4470
36061025900,Manhattan,87364,1055,4408
36061026100,Manhattan,44457,988,13686
36061026300,Manhattan,49045,1153,9388
36061026500,Manhattan,71458,1317,7526
36061026700,Manhattan,56287,1308,2328
36061026900,Manhattan,45769,1085,9197
36061027100,Manhattan,65387,1268,9557
36061027300,Manhattan,86129,1493,7020
36061027500,Manhattan,142426,1559,3483
36061027700,Manhattan,42750,1022,7877
36061027900,Manhattan,57882,1246,11289
36061028100,Manhattan,137215,1719,2998
36061028300,Manhattan,53326,1075,7879
36061028500,Manhattan,43922,1158,7808
36061028700,Manhattan,64057,1265,4268
36061029100,Manhattan,43862,1040,12189
36061029300,Manhattan,44018,1119,9101
36061029500,Manhattan,74876,1341,8404
36061029900,Manhattan,29448,546,4320
36061030300,Manhattan,70463,1347,4397
36061030700,Manhattan,87091,1363,3584
36061030900,Manhattan,45036,826,9427
36061031703,Manhattan,254915,2800,8628
36061031704,Manhattan,204458,2800,6375
36081000100,Queens,152276,2800,5928
36081000200,Queens,74846,1408,3288
36081000400,Queens,82157,1350,4929
36081000600,Queens,76328,1395,3871
36081000700,Queens,104676,1665,5247
36081000800,Queens,73388,1399,3673
36081001000,Queens,74728,1257,3368
36081001200,Queens,92821,1401,4830
36081001400,Queens,84787,1582,3860
36081001600,Queens,77801,1327,3193
36081001800,Queens,69330,1350,3403
36081001900,Queens,131786,2800,1343
36081002000,Queens,92001,1525,1861
36081002200,Queens,71801,1169,1918
36081002400,Queens,77876,1440,2353
36081002500,Queens,32061,486,6345
36081002600,Queens,92245,1097,2418
36081002800,Queens,70356,1204,2782
36081003000,Queens,68471,1228,1650
36081003100,Queens,68660,1381,1015
36081003200,Queens,75819,1505,1540
36081003300,Queens,76542,1654,2675
36081003400,Queens,94264,1405,2064
36081003600,Queens,91597,1305,3484
36081003800,Queens,64656,1237,2586
36081003900,Queens,54114,1278,1574
36081004001,Queens,69545,1222,2018
36081004002,Queens,65544,1286,1461
36081004200,Queens,72939,1254,5005
36081004300,Queens,29187,515,2380
36081004401,Queens,61454,1243,3691
36081004500,Queens,83213,1388,3314
36081004700,Queens,40043,603,4110
36081005100,Queens,60044,1271,2106
36081005200,Queens,70556,1423,2717
36081005300,Queens,69305,1418,4369
36081005400,Queens,73181,1401,5620
36081005500,Queens,75286,1337,1125
36081005700,Queens,75245,1432,4566
36081005800,Queens,81681,1278,5824
36081005900,Queens,87120,1640,3754
36081006100,Queens,83044,1437,5985
36081006201,Queens,79671,1528,5982
36081006202,Queens,74928,1417,6988
36081006300,Queens,69457,1394,5212
36081006501,Queens,68661,1564,3418
36081006502,Queens,78969,1561,3976
36081006900,Queens,66291,1499,4696
36081007100,Queens,78058,1587,3775
36081007300,Queens,79769,1652,4452
36081007500,Queens,69170,1328,4142
36081007700,Queens,83671,1727,1413
36081007900,Queens,55363,1481,3596
36081008100,Queens,80192,1673,1165
36081008300,Queens,67072,1423,3872
36081008500,Queens,48515,1388,1173
36081008600,Queens,102030,1234,2621
36081008700,Queens,33180,593,4811
36081008800,Queens,91940,1427,3632
36081009100,Queens,74833,1498,2782
36081009400,Queens,66638,1360,2944
36081009500,Queens,81610,1671,2613
36081009600,Queens,71316,1396,4043
36081009700,Queens,102185,1665,3492
36081009800,Queens,77673,1292,2877
36081010000,Queens,84081,1278,3785
36081010100,Queens,73200,1468,2470
36081010200,Queens,81196,1354,3097
36081010300,Queens,62470,1419,3833
36081010400,Queens,76728,1307,3702
36081010500,Queens,62240,1349,4131
36081010600,Queens,74372,1257,3666
36081010800,Queens,65521,1285,3242
36081011000,Queens,67179,1434,3323
36081011100,Queens,89567,1574,3033
36081011200,Queens,62248,1553,2313
36081011300,Queens,68401,1477,4193
36081011400,Queens,54948,1315,937
36081011500,Queens,73225,1502,2389
36081011600,Queens,65867,1204,2419
36081011700,Queens,77241,1501,3729
36081011800,Queens,68833,1555,2628
36081011900,Queens,69933,1467,1712
36081012000,Queens,69016,1429,2360
36081012100,Queens,71343,1582,2090
36081012200,Queens,67752,1380,3346
36081012301,Queens,78924,1530,2692
36081012400,Queens,75354,1339,2966
36081012500,Queens,69275,1486,1831
36081012601,Queens,63303,1371,2596
36081012602,Queens,70746,1238,2370
36081012800,Queens,74820,1269,2070
36081013000,Queens,80060,1379,1510
36081013200,Queens,80350,1475,2116
36081013400,Queens,73642,1411,5571
36081013500,Queens,82597,1278,1645
36081013600,Queens,78808,1293,1968
36081013700,Queens,85778,1683,1850
36081013800,Queens,71730,1283,3735
36081014000,Queens,88142,1412,3493
36081014100,Queens,72809,1390,1825
36081014201,Queens,64922,1380,4347
36081014202,Queens,72634,1194,2465
36081014300,Queens,68522,1377,4005
36081014400,Queens,61140,1160,2034
36081014500,Queens,70187,1566,2111
36081014700,Queens,68677,1448,3043
36081014800,Queens,64717,1502,2204
36081014900,Queens,82893,1527,2283
36081015000,Queens,78355,1419,2560
36081015100,Queens,76502,1394,2700
36081015200,Queens,68421,1401,2853
36081015300,Queens,78808,1522,2083
36081015400,Queens,69759,1195,2452
36081015500,Queens,89343,1496,2428
36081015600,Queens,66632,1398,3385
36081015700,Queens,59879,1359,1586
36081015801,Queens,67391,1387,3709
36081015802,Queens,60531,1376,4257
36081015900,Queens,53723,1361,4242
36081016100,Queens,62244,1478,2444
36081016300,Queens,39887,618,4086
36081016400,Queens,79593,1348,3689
36081016600,Queens,66457,1351,3286
36081016800,Queens,77007,1230,3431
36081016900,Queens,77377,1382,5396
36081017000,Queens,63019,1368,2472
36081017200,Queens,69792,1290,2348
36081017400,Queens,76207,1227,2815
36081017600,Queens,66709,1564,2358
36081017800,Queens,57664,1263,2259
36081017900,Queens,50402,1274,1039
36081018000,Queens,57839,1108,1234
36081018101,Queens,49247,1340,4413
36081018102,Queens,67604,1477,3511
36081018200,Queens,67646,1562,2264
36081018300,Queens,82361,1377,6041
36081018401,Queens,79437,1204,2411
36081018402,Queens,76023,1313,2324
36081018501,Queens,72316,1296,3707
36081018502,Queens,73783,1527,3490
36081018600,Queens,79614,1701,1782
36081018700,Queens,85714,1281,2813
36081018800,Queens,77337,1632,1330
36081018900,Queens,59224,1384,3409
36081019000,Queens,84831,1457,2313
36081019200,Queens,77145,1290,1903
36081019400,Queens,77446,1710,2512
36081019600,Queens,62991,1351,2777
36081019800,Queens,50067,1335,2943
36081019900,Queens,65430,1275,1257
36081020200,Queens,52164,1016,1573
36081020400,Queens,52199,1102,1987
36081020500,Queens,66528,1325,1023
36081020600,Queens,68684,1373,1549
36081020800,Queens,71714,1561,2579
36081021200,Queens,53625,1143,2270
36081021400,Queens,59318,1373,6356
36081021600,Queens,80978,1404,4289
36081022001,Queens,74062,1384,5721
36081022002,Queens,75429,1333,6218
36081023000,Queens,109233,1522,2263
36081023200,Queens,78446,1402,5670
36081023500,Queens,53509,1373,8577
36081023600,Queens,58955,1309,2537
36081023800,Queens,50777,1247,4552
36081024000,Queens,52979,1246,6132
36081024300,Queens,70300,1550,5947
36081024500,Queens,66152,1224,6453
36081024700,Queens,56656,1402,1477
36081024900,Queens,68320,1447,5583
36081025100,Queens,62512,1351,5560
36081025301,Queens,71437,1402,4049
36081025302,Queens,55491,1406,2689
36081025400,Queens,51024,696,12663
36081025500,Queens,93024,1457,1443
36081025700,Queens,87002,1342,1210
36081025800,Queens,72928,1576,2004
36081025900,Queens,62439,1426,3374
36081026000,Queens,54382,1343,2795
36081026100,Queens,54981,1299,7179
36081026200,Queens,65841,1397,1279
36081026300,Queens,65533,1507,6470
36081026400,Queens,63160,940,2211
36081026500,Queens,60068,1399,4065
36081026600,Queens,44872,320,1947
36081026700,Queens,63665,1428,6417
36081026901,Queens,56010,1345,4925
36081026902,Queens,54190,1221,4544
36081027000,Queens,63133,1303,1830
36081027100,Queens,64676,1261,8706
36081027200,Queens,77656,1230,2598
36081027300,Queens,51367,1245,8114
36081027400,Queens,74594,1139,1716
36081027500,Queens,57307,1351,6886
36081027600,Queens,67443,1487,1251
36081027700,Queens,58473,1222,7794
36081027800,Queens,52046,655,2557
36081027900,Queens,57186,1271,6016
36081028000,Queens,86849,1308,1717
36081028100,Queens,65848,1256,4714
36081028200,Queens,80132,1561,1616
36081028300,Queens,60434,1328,6619
36081028400,Queens,75110,1637,4143
36081028500,Queens,88084,1332,4944
36081028700,Queens,63858,1192,6099
36081028800,Queens,72762,1528,4170
36081028900,Queens,69361,1374,5522
36081029100,Queens,55218,1348,6664
36081029300,Queens,72498,1529,1164
36081029400,Queens,73905,1122,7478
36081029500,Queens,70559,1239,3863
36081029700,Queens,73003,1532,2028
36081030600,Queens,87457,1723,4155
36081030902,Queens,56130,1439,8345
36081030903,Queens,67257,1530,6413
36081030904,Queens,73925,1465,3888
36081031700,Queens,75913,1632,6277
36081032000,Queens,87770,1348,4836
36081032700,Queens,67469,1457,3900
36081032800,Queens,74126,1559,2442
36081032900,Queens,80134,1460,4852
36081033000,Queens,78036,1556,7041
36081033401,Queens,72616,1403,3753
36081033402,Queens,52221,1030,12877
36081033700,Queens,62365,1310,3471
36081033900,Queens,71391,1354,3466
36081034700,Queens,64720,1440,3222
36081035100,Queens,65609,1284,4154
36081035200,Queens,89387,1635,2886
36081035300,Queens,61306,1305,2346
36081035700,Queens,59365,1339,3930
36081035800,Queens,85525,1414,4447
36081036100,Queens,63950,1335,2998
36081036300,Queens,73303,1367,2225
36081036500,Queens,71276,1168,4191
36081036600,Queens,73351,1179,2977
36081036700,Queens,64471,1517,2637
36081036800,Queens,81339,1140,2488
36081037100,Queens,74915,1694,1925
36081037300,Queens,68173,1520,2464
36081037500,Queens,60806,1369,3647
36081037600,Queens,85118,1322,6388
36081037700,Queens,50989,1441,3552
36081037900,Queens,61429,1590,7116
36081038100,Queens,68481,1473,7509
36081038400,Queens,81235,1298,2450
36081039400,Queens,70710,1288,2954
36081039800,Queens,82530,1164,1976
36081039900,Queens,58143,1332,4290
36081040000,Queens,66797,1142,1164
36081040100,Queens,65694,1483,7814
36081040200,Queens,94585,1008,1524
36081040300,Queens,58799,1464,7250
36081040400,Queens,67121,1078,4153
36081040500,Queens,48855,1512,3669
36081040700,Queens,51575,1299,7326
36081040900,Queens,58198,1332,5407
36081041100,Queens,55214,1414,3968
36081041300,Queens,67893,1568,4804
36081041400,Queens,57792,1319,3896
36081041500,Queens,56430,1386,3582
36081042400,Queens,104038,1237,2569
36081042700,Queens,59478,1465,5137
36081043200,Queens,115732,1445,1429
36081043400,Queens,91502,1802,1822
36081043701,Queens,63217,1449,3743
36081043702,Queens,51605,1477,5802
36081043900,Queens,47591,1554,4467
36081044000,Queens,61509,1327,3864
36081044301,Queens,34628,681,3592
36081044302,Queens,64482,1369,4787
36081044400,Queens,40322,1050,2843
36081044601,Queens,49007,1140,3298
36081044602,Queens,46167,1208,5008
36081044800,Queens,63548,1336,2625
36081045000,Queens,65824,1366,1793
36081045200,Queens,58892,1293,974
36081045400,Queens,66062,1280,4392
36081045500,Queens,54020,1387,12978
36081045600,Queens,83912,1589,1478
36081045700,Queens,82329,1365,3089
36081045800,Queens,91444,1184,2074
36081045900,Queens,83736,1418,4172
36081046000,Queens,37292,1163,5979
36081046100,Queens,68259,1602,3341
36081046200,Queens,57349,1328,8481
36081046300,Queens,54403,1376,3598
36081046400,Queens,116960,1320,1644
36081046500,Queens,68752,1421,3926
36081046600,Queens,63689,1510,3494
36081046700,Queens,44425,1298,7026
36081046800,Queens,49994,1345,3348
36081046900,Queens,64061,1315,8501
36081047000,Queens,60784,1395,3295
36081047100,Queens,57299,1358,4296
36081047200,Queens,98855,1288,3767
36081047300,Queens,79440,1563,3551
36081047500,Queens,69560,1384,4770
36081047600,Queens,118331,1421,1365
36081047800,Queens,83587,1133,5612
36081047900,Queens,72368,1422,6039
36081048000,Queens,96261,1201,2877
36081048100,Queens,57249,1327,6681
36081048200,Queens,89575,1176,1608
36081048300,Queens,66784,1548,4128
36081048400,Queens,71539,1141,4819
36081048500,Queens,73308,1591,4562
36081048900,Queens,75769,1416,1599
36081049200,Queens,62166,1165,4453
36081049301,Queens,70934,1270,1950
36081049302,Queens,67012,1390,2286
36081049500,Queens,72623,1433,1329
36081049600,Queens,75948,1334,3055
36081049700,Queens,63960,1523,2671
36081049900,Queens,72257,1481,5241
36081050000,Queens,51873,1221,4489
36081050201,Queens,93854,1582,1465
36081050202,Queens,117245,1304,1551
36081050400,Queens,78686,1090,2034
36081050500,Queens,85189,1410,1460
36081050600,Queens,94138,1837,1730
36081050700,Queens,90881,1525,3751
36081050800,Queens,71330,1297,1813
36081051000,Queens,90149,1028,1785
36081051100,Queens,85553,1360,1963
36081051200,Queens,88936,1381,3068
36081051300,Queens,65988,1401,1956
36081051500,Queens,72569,1378,2425
36081051600,Queens,73115,1339,1782
36081051700,Queens,71270,1431,1694
36081051800,Queens,97891,1833,2439
36081052000,Queens,107471,1519,1765
36081052100,Queens,66382,1272,1470
36081052200,Queens,91362,1265,1890
36081052400,Queens,77121,1125,1655
36081052500,Queens,92540,1502,1719
36081052600,Queens,76179,1476,1957
36081052800,Queens,78417,1523,1427
36081053000,Queens,62854,1178,2120
36081053100,Queens,56397,1310,2486
36081053200,Queens,90117,1404,1801
36081053401,Queens,92246,1090,2104
36081053500,Queens,56013,1364,1329
36081053601,Queens,91646,1157,2094
36081053800,Queens,76835,1161,1728
36081053900,Queens,65539,1365,4412
36081054000,Queens,71287,1230,4391
36081054200,Queens,81328,1417,5842
36081054500,Queens,58652,1240,3757
36081054700,Queens,66384,1343,4932
36081054800,Queens,119345,1329,2442
36081054900,Queens,52530,1316,5431
36081055100,Queens,62286,1204,5135
36081055200,Queens,75525,1403,3233
36081055300,Queens,62246,1245,2368
36081055400,Queens,71887,1544,2335
36081055500,Queens,58716,1263,2247
36081055600,Queens,94053,1477,2574
36081055700,Queens,56088,1317,3894
36081055800,Queens,88750,1525,1821
36081055900,Queens,59145,1192,1510
36081056000,Queens,76068,1375,1431
36081056100,Queens,112836,1750,156
36081056200,Queens,78887,1653,1665
36081056400,Queens,62913,1498,1749
36081056500,Queens,58871,1380,1606
36081056600,Queens,83843,1676,1883
36081056700,Queens,78561,1472,4173
36081056800,Queens,82481,1271,4880
36081057700,Queens,66383,1180,3926
36081057900,Queens,56080,1342,1670
36081058000,Queens,90810,1592,3533
36081058100,Queens,67369,1297,2823
36081058200,Queens,85775,1306,5398
36081058300,Queens,68833,1314,3286
36081058500,Queens,62380,1375,4630
36081058700,Queens,55183,1139,3049
36081058900,Queens,51978,1266,4047
36081059000,Queens,88155,1389,1489
36081059100,Queens,71313,1164,4699
36081059200,Queens,78967,700,1141
36081059300,Queens,66900,1260,3947
36081059400,Queens,113109,1583,1632
36081059500,Queens,66479,1286,4271
36081059600,Queens,100428,879,1523
36081059800,Queens,82585,1364,1788
36081059900,Queens,73869,1470,1381
36081060000,Queens,90250,1375,1017
36081060100,Queens,72091,1350,1949
36081060300,Queens,79414,1602,1839
36081060600,Queens,101509,1750,1251
36081060800,Queens,88706,1011,1530
36081061000,Queens,93959,1860,1641
36081061200,Queens,113684,2800,1493
36081061301,Queens,66475,1315,5782
36081061400,Queens,97688,1784,1411
36081061601,Queens,110902,1515,2358
36081061602,Queens,89587,2800,1298
36081061800,Queens,76465,1151,1866
36081061900,Queens,90464,1220,3216
36081062100,Queens,68432,1314,2526
36081062200,Queens,80435,1375,1668
36081062300,Queens,64831,1275,1998
36081062500,Queens,85442,1215,2377
36081062600,Queens,97953,1234,3078
36081062700,Queens,68699,1429,2889
36081062900,Queens,67869,1262,3048
36081063000,Queens,103558,2800,1750
36081063200,Queens,97834,1231,2228
36081063301,Queens,77988,1355,1359
36081063302,Queens,93623,1579,1513
36081063500,Queens,78320,1408,2653
36081063700,Queens,93567,1582,3017
36081063800,Queens,96490,1337,3929
36081063900,Queens,76742,1227,2549
36081064101,Queens,70794,1523,2020
36081064102,Queens,42471,910,134
36081064500,Queens,99483,1559,2055
36081064600,Queens,107952,1457,3026
36081065000,Queens,86143,1290,3040
36081065400,Queens,89677,1403,3007
36081065600,Queens,83205,1814,5014
36081065702,Queens,73866,1337,1674
36081065703,Queens,79272,1292,2858
36081065900,Queens,94078,1391,1809
36081066000,Queens,99030,1624,3780
36081066100,Queens,87135,1417,1491
36081066300,Queens,89169,1451,2543
36081066400,Queens,95999,1596,9961
36081066501,Queens,88274,1618,3321
36081066701,Queens,79687,1415,2514
36081066900,Queens,83313,1379,1611
36081067100,Queens,83985,1922,2074
36081067700,Queens,113938,1359,1830
36081067900,Queens,61967,1184,3642
36081068000,Queens,95301,1656,5161
36081068200,Queens,85115,1673,1259
36081068300,Queens,69345,1487,4589
36081068700,Queens,71487,1363,4619
36081069000,Queens,84069,1550,3710
36081069300,Queens,68649,1436,2565
36081069400,Queens,85023,1636,3298
36081069500,Queens,79805,1436,1844
36081069701,Queens,62034,1389,3723
36081069702,Queens,75459,1429,3499
36081070300,Queens,100859,1338,1674
36081070700,Queens,109064,1148,2257
36081070900,Queens,113600,1750,2576
36081071100,Queens,77607,1458,5604
36081071303,Queens,88321,1621,5241
36081071304,Queens,68367,1305,6179
36081071305,Queens,89970,1819,5026
36081071306,Queens,77866,1431,6268
36081071701,Queens,64669,1357,5236
36081071702,Queens,55746,1171,3330
36081071900,Queens,69074,1368,2402
36081072100,Queens,66954,1114,4543
36081072300,Queens,156466,1838,1831
36081072900,Queens,92405,1447,1155
36081073100,Queens,120290,1669,1565
36081073700,Queens,108205,1647,1753
36081073900,Queens,98720,1749,5415
36081074100,Queens,82861,1310,3008
36081074300,Queens,77254,1207,4767
36081074500,Queens,56081,1082,3887
36081074700,Queens,77142,1355,3193
36081074900,Queens,204067,1375,1628
36081075701,Queens,92698,1766,5102
36081075702,Queens,101324,1461,4408
36081076901,Queens,111131,1684,3882
36081076902,Queens,107973,1658,1506
36081077300,Queens,83231,1198,2104
36081077500,Queens,90539,1327,1985
36081077902,Queens,103920,1467,5223
36081077903,Queens,81805,1244,2958
36081077904,Queens,73427,1580,6311
36081077905,Queens,82561,1389,2475
36081077906,Queens,63382,1261,3153
36081077907,Queens,64016,1302,3149
36081077908,Queens,56132,1393,4101
36081078800,Queens,68449,1787,1617
36081079000,Queens,65461,1239,2359
36081079200,Queens,74855,1478,2417
36081079701,Queens,63808,1322,6649
36081079702,Queens,49970,1286,4604
36081079900,Queens,55486,1381,3605
36081080301,Queens,66295,1340,4521
36081080302,Queens,72556,1645,3528
36081080900,Queens,93280,923,7595
36081081400,Queens,71610,1527,3857
36081081800,Queens,64932,1535,4504
36081083700,Queens,65426,1200,5639
36081083800,Queens,79378,1604,6214
36081084000,Queens,74818,1431,6208
36081084500,Queens,36836,954,4807
36081084601,Queens,119331,1376,2717
36081084602,Queens,65877,1444,1141
36081084900,Queens,51339,1307,7871
36081085300,Queens,53666,1364,4624
36081085500,Queens,63767,1311,6525
36081085700,Queens,51318,1328,5803
36081085900,Queens,55250,1318,5457
36081086100,Queens,61818,991,2490
36081086300,Queens,43279,1267,6903
36081086400,Queens,72637,1333,2673
36081086500,Queens,51902,1426,4310
36081086900,Queens,51089,1681,2072
36081087100,Queens,45767,757,2285
36081088400,Queens,87364,1433,7500
36081088901,Queens,58868,1033,10605
36081090700,Queens,62143,1302,1227
36081091601,Queens,100398,528,4078
36081091900,Queens,77870,1570,6444
36081092200,Queens,158338,2800,2101
36081092500,Queens,61863,1443,3739
36081092800,Queens,164158,1550,3497
36081092900,Queens,69218,1472,6227
36081093401,Queens,88981,1414,3641
36081093402,Queens,94337,1233,4057
36081093800,Queens,54784,1018,5775
36081093900,Queens,84588,1586,4974
36081094201,Queens,60989,1465,3765
36081094202,Queens,71976,677,4686
36081094203,Queens,54688,852,5396
36081094500,Queens,103988,1979,3939
36081094700,Queens,77119,1446,2502
36081095400,Queens,74272,1026,5067
36081096400,Queens,68626,1396,4085
36081097202,Queens,34517,980,2407
36081097203,Queens,29963,420,7072
36081097204,Queens,52108,785,3530
36081097300,Queens,121546,1732,2149
36081098100,Queens,118375,1698,2296
36081098700,Queens,105725,1558,2577
36081099100,Queens,104181,1366,6375
36081099200,Queens,56265,1127,3983
36081099701,Queens,83749,1659,2521
36081099703,Queens,114845,2800,4172
36081099704,Queens,83495,1788,6936
36081099705,Queens,110036,2800,2613
36081099801,Queens,73673,1167,7110
36081099802,Queens,51225,876,5258
36081100801,Queens,93195,1596,2307
36081100802,Queens,65303,1242,8615
36081101001,Queens,43114,1034,10118
36081101002,Queens,56881,1028,4549
36081101700,Queens,70231,1150,5818
36081102900,Queens,75941,1719,3699
36081103201,Queens,47461,941,7210
36081103202,Queens,77263,1331,7099
36081103300,Queens,95144,1727,4048
36081103900,Queens,87581,1748,6865
36081104700,Queens,70405,1408,6740
36081105900,Queens,109990,1750,3730
36081107201,Queens,76885,1219,2058
36081108500,Queens,85392,1564,2764
36081109300,Queens,118699,1910,3312
36081109700,Queens,100322,1632,1678
36081109900,Queens,86184,1441,3994
36081111300,Queens,99257,1628,2612
36081112300,Queens,84248,1733,2319
36081112900,Queens,99155,1680,2155
36081113300,Queens,99107,2000,1671
36081113900,Queens,69426,1397,3580
36081114100,Queens,125779,1705,2176
36081114700,Queens,106823,2800,1967
36081115100,Queens,117898,1625,1150
36081115500,Queens,89883,1430,2629
36081115700,Queens,73662,1408,3462
36081115900,Queens,69743,1393,4378
36081116100,Queens,61526,1404,4581
36081116300,Queens,54606,1355,9076
36081116700,Queens,53174,1399,1905
36081117100,Queens,53399,1297,2901
36081117500,Queens,79234,1576,4977
36081118100,Queens,70733,1428,1761
36081118500,Queens,72110,1472,2122
36081118700,Queens,63082,1260,2325
36081118900,Queens,87049,1367,2722
36081119100,Queens,67886,1657,3354
36081119300,Queens,73808,1342,2177
36081119500,Queens,101284,1664,1377
36081119900,Queens,74445,1601,1565
36081120100,Queens,70392,1316,1711
36081120300,Queens,72007,1615,1676
36081120500,Queens,37452,886,2702
36081120700,Queens,93589,1672,2791
36081121500,Queens,80208,1395,4434
36081122300,Queens,89732,1820,3806
36081122701,Queens,61401,1135,11015
36081122702,Queens,29677,530,6386
36081124100,Queens,81112,1628,3400
36081124700,Queens,99660,1660,3326
36081125700,Queens,72407,1399,3116
36081126500,Queens,78175,961,1578
36081126700,Queens,80231,1392,4414
36081127700,Queens,127784,1945,3409
36081129102,Queens,122912,1116,3367
36081129103,Queens,76248,1141,3646
36081129104,Queens,95840,1046,4017
36081130100,Queens,78366,1280,3849
36081133300,Queens,103821,1634,3667
36081133900,Queens,110992,2800,1401
36081134100,Queens,98531,1750,3443
36081134700,Queens,73600,1560,9563
36081136700,Queens,83980,1731,6171
36081137700,Queens,77279,1489,6373
36081138501,Queens,82486,1901,4529
36081140300,Queens,88195,1800,2515
36081140901,Queens,95383,1125,954
36081140902,Queens,104536,2800,3049
36081141700,Queens,88257,1740,4627
36081142900,Queens,85565,1711,3567
36081143500,Queens,94080,1729,2204
36081144100,Queens,97017,1591,3203
36081144700,Queens,83286,1798,3338
36081145101,Queens,86338,1780,1647
36081145102,Queens,94688,1829,2740
36081145900,Queens,87357,1461,2768
36081146300,Queens,89528,1544,3059
36081146700,Queens,90268,1523,3339
36081147100,Queens,96889,1805,3034
36081147900,Queens,101690,1590,4901
36081148300,Queens,160783,1734,2804
36081150701,Queens,108083,1525,3033
36081150702,Queens,91399,1420,3077
36081152901,Queens,100563,2800,6646
36081152902,Queens,83851,1722,5029
36081155101,Queens,92034,2800,2123
36081155102,Queens,89016,1203,7629
36081156700,Queens,82666,1604,1357
36081157101,Queens,98490,1155,7620
36081157102,Queens,89163,1600,1996
36081157901,Queens,98485,1408,4978
36081157902,Queens,106267,1892,3902
36081157903,Queens,88446,1502,3695
36081161700,Queens,99438,1247,4623
36081162100,Queens,89326,1513,7164
36085000300,Staten Island,68933,1149,1639
36085000600,Staten Island,74771,572,2134
36085000700,Staten Island,59348,979,6060
36085000800,Staten Island,84283,1404,5771
36085000900,Staten Island,68348,1178,1962
36085001100,Staten Island,60073,1173,2884
36085001700,Staten Island,82177,1071,1473
36085001800,Staten Island,78628,1446,712
36085002001,Staten Island,100922,1182,2504
36085002002,Staten Island,108311,1571,3233
36085002100,Staten Island,58962,1198,3921
36085002700,Staten Island,48953,1388,2362
36085002900,Staten Island,58163,1035,5829
36085003300,Staten Island,89163,1190,3631
36085003600,Staten Island,87846,1356,2602
36085003900,Staten Island,81407,1337,2506
36085004000,Staten Island,55557,741,12744
36085004700,Staten Island,96116,1360,3603
36085005000,Staten Island,82225,1491,3608
36085005900,Staten Island,107448,1247,2762
36085006400,Staten Island,63300,557,3116
36085006700,Staten Island,110142,1157,2580
36085007000,Staten Island,80880,1328,9034
36085007400,Staten Island,75493,966,4725
36085007500,Staten Island,72034,1448,4715
36085007700,Staten Island,65171,1163,1257
36085008100,Staten Island,60960,871,4023
36085009601,Staten Island,80025,1205,3858
36085009602,Staten Island,80192,1228,3301
36085009700,Staten Island,84165,1160,4055
36085010500,Staten Island,78418,1195,4986
36085011201,Staten Island,86164,1443,5810
36085011202,Staten Island,88746,1308,5924
36085011401,Staten Island,61964,555,3004
36085011402,Staten Island,100145,1183,3347
36085012100,Staten Island,109458,1106,3270
36085012200,Staten Island,102333,1183,3591
36085012500,Staten Island,83191,1289,2818
36085012804,Staten Island,76684,1169,3873
36085012805,Staten Island,97742,1348,2719
36085012806,Staten Island,81166,1176,6293
36085013201,Staten Island,110175,1471,1510
36085013203,Staten Island,107655,1359,5556
36085013204,Staten Island,100129,1493,4814
36085013301,Staten Island,20264,427,1746
36085013302,Staten Island,61205,1301,3672
36085013400,Staten Island,94646,1234,3726
36085013800,Staten Island,102193,1205,6239
36085014100,Staten Island,66013,1302,2725
36085014604,Staten Island,94966,1207,7666
36085014605,Staten Island,96643,1181,3496
36085014606,Staten Island,108291,1468,7545
36085014607,Staten Island,112388,1537,5014
36085014608,Staten Island,92080,1691,3885
36085014700,Staten Island,105795,1241,3490
36085015100,Staten Island,99609,1077,5087
36085015601,Staten Island,98278,1041,6245
36085015602,Staten Island,96112,1578,3449
36085015603,Staten Island,100187,1575,4671
36085016901,Staten Island,83400,1600,3145
36085017005,Staten Island,104259,1268,4744
36085017007,Staten Island,93885,998,5239
36085017008,Staten Island,102581,1358,7275
36085017009,Staten Island,99471,1240,4165
36085017010,Staten Island,106520,1466,8923
36085017011,Staten Island,94040,1335,4654
36085017012,Staten Island,88973,1349,4526
36085017300,Staten Island,64075,622,2448
36085017600,Staten Island,134379,1093,4892
36085017700,Staten Island,159593,1717,6885
36085018100,Staten Island,134592,946,3049
36085018701,Staten Island,98594,1443,1719
36085018702,Staten Island,96130,964,7316
36085018901,Staten Island,96245,1143,5442
36085018902,Staten Island,89409,1286,4959
36085019700,Staten Island,108472,1161,1761
36085019800,Staten Island,128499,1636,6588
36085020100,Staten Island,84615,1381,3713
36085020700,Staten Island,55826,1141,5503
36085020801,Staten Island,96002,1238,9150
36085020803,Staten Island,112783,1192,6317
36085020804,Staten Island,112604,1180,5583
36085021300,Staten Island,66725,992,5163
36085022300,Staten Island,85251,1228,2650
36085022600,Staten Island,115656,1195,9089
36085023100,Staten Island,62605,1363,4183
36085023900,Staten Island,81817,914,3386
36085024401,Staten Island,117331,1402,6199
36085024402,Staten Island,100180,1213,4426
36085024700,Staten Island,75795,1328,2767
36085024800,Staten Island,93358,1142,4860
36085025100,Staten Island,100005,1575,5796
36085027301,Staten Island,90178,1156,3938
36085027302,Staten Island,109734,1513,3586
36085027702,Staten Island,74212,1280,6097
36085027704,Staten Island,102795,1324,4227
36085027705,Staten Island,97008,1337,5788
36085027706,Staten Island,81176,1300,3320
36085027900,Staten Island,136426,1104,2106
36085029102,Staten Island,97350,1703,2712
36085029103,Staten Island,86173,1127,7405
36085029104,Staten Island,111043,1229,6999
36085030301,Staten Island,72377,1294,5061
36085030302,Staten Island,86866,1650,6205
36085031901,Staten Island,32956,603,2916
36085031902,Staten Island,52007,754,4535
36085032300,Staten Island,76878,1281,1106
