"Id","Id2","Geography","Unemployment.rate..Estimate..Population.16.years.and.over"
"0400000US01",1,"Alabama",10.2
"0400000US02",2,"Alaska",8.4
"0400000US04",4,"Arizona",9.9
"0400000US05",5,"Arkansas",8.4
"0400000US06",6,"California",11
"0400000US08",8,"Colorado",7.9
"0400000US09",9,"Connecticut",9.6
"0400000US10",10,"Delaware",8.5
"0400000US11",11,"District of Columbia",10.6
"0400000US12",12,"Florida",10.9
"0400000US13",13,"Georgia",10.8
"0400000US15",15,"Hawaii",6.7
"0400000US16",16,"Idaho",8.1
"0400000US17",17,"Illinois",10
"0400000US18",18,"Indiana",8.8
"0400000US19",19,"Iowa",5.4
"0400000US20",20,"Kansas",6.6
"0400000US21",21,"Kentucky",9.3
"0400000US22",22,"Louisiana",8.7
"0400000US23",23,"Maine",7.4
"0400000US24",24,"Maryland",8
"0400000US25",25,"Massachusetts",8.4
"0400000US26",26,"Michigan",11.4
"0400000US27",27,"Minnesota",6.5
"0400000US28",28,"Mississippi",10.9
"0400000US29",29,"Missouri",8.4
"0400000US30",30,"Montana",6.8
"0400000US31",31,"Nebraska",5.4
"0400000US32",32,"Nevada",11.8
"0400000US33",33,"New Hampshire",6.5
"0400000US34",34,"New Jersey",9.7
"0400000US35",35,"New Mexico",9.6
"0400000US36",36,"New York",8.9
"0400000US37",37,"North Carolina",10.5
"0400000US38",38,"North Dakota",3.1
"0400000US39",39,"Ohio",9.2
"0400000US40",40,"Oklahoma",6.8
"0400000US41",41,"Oregon",10.5
"0400000US42",42,"Pennsylvania",8.6
"0400000US44",44,"Rhode Island",9.5
"0400000US45",45,"South Carolina",10.6
"0400000US46",46,"South Dakota",4.8
"0400000US47",47,"Tennessee",9.5
"0400000US48",48,"Texas",7.7
"0400000US49",49,"Utah",6.9
"0400000US50",50,"Vermont",6.2
"0400000US51",51,"Virginia",6.9
"0400000US53",53,"Washington",8.8
"0400000US54",54,"West Virginia",8.2
"0400000US55",55,"Wisconsin",7.2
"0400000US56",56,"Wyoming",5.2
"0400000US72",72,"Puerto Rico",18.3
