GEO.id,GEO.id2,GEO.display-label,HD01_VD01,HD02_VD01
Id,Id2,Geography,Estimate; Median gross rent,Margin of Error; Median gross rent
0400000US01,01,Alabama,715,4
0400000US02,02,Alaska,1131,11
0400000US04,04,Arizona,905,5
0400000US05,05,Arkansas,675,4
0400000US06,06,California,1243,2
0400000US08,08,Colorado,969,5
0400000US09,09,Connecticut,1069,5
0400000US10,10,Delaware,1012,12
0400000US11,11,District of Columbia,1302,16
0400000US12,12,Florida,998,3
0400000US13,13,Georgia,874,3
0400000US15,15,Hawaii,1417,13
0400000US16,16,Idaho,738,6
0400000US17,17,Illinois,903,2
0400000US18,18,Indiana,741,3
0400000US19,19,Iowa,689,4
0400000US20,20,Kansas,748,4
0400000US21,21,Kentucky,667,4
0400000US22,22,Louisiana,786,4
0400000US23,23,Maine,772,6
0400000US24,24,Maryland,1218,5
0400000US25,25,Massachusetts,1088,4
0400000US26,26,Michigan,780,3
0400000US27,27,Minnesota,835,3
0400000US28,28,Mississippi,714,4
0400000US29,29,Missouri,740,3
0400000US30,30,Montana,696,8
0400000US31,31,Nebraska,721,5
0400000US32,32,Nevada,980,4
0400000US33,33,New Hampshire,1001,9
0400000US34,34,New Jersey,1188,3
0400000US35,35,New Mexico,774,7
0400000US36,36,New York,1117,3
0400000US37,37,North Carolina,790,2
0400000US38,38,North Dakota,676,7
0400000US39,39,Ohio,729,3
0400000US40,40,Oklahoma,717,3
0400000US41,41,Oregon,894,4
0400000US42,42,Pennsylvania,832,2
0400000US44,44,Rhode Island,923,7
0400000US45,45,South Carolina,784,4
0400000US46,46,South Dakota,648,6
0400000US47,47,Tennessee,757,3
0400000US48,48,Texas,870,3
0400000US49,49,Utah,875,5
0400000US50,50,Vermont,889,9
0400000US51,51,Virginia,1108,5
0400000US53,53,Washington,995,4
0400000US54,54,West Virginia,630,5
0400000US55,55,Wisconsin,772,3
0400000US56,56,Wyoming,778,13
0400000US72,72,Puerto Rico,462,4
